행정동코드,법정동코드,시도명,시군구명,읍면동명,동리명,법정동시군구코드,법정동읍면동코드,주소,행정동시도명,행정동시군구명,행정동읍면동명,행정동시군구코드,행정동읍면동코드,행정동주소
1111051500,1111010100,서울특별시,종로구,청운동,,11110,10100,서울특별시 종로구 청운동,서울특별시,종로구,청운효자동,11110,51500,서울특별시 종로구 청운효자동
1111051500,1111010200,서울특별시,종로구,신교동,,11110,10200,서울특별시 종로구 신교동,서울특별시,종로구,청운효자동,11110,51500,서울특별시 종로구 청운효자동
1111051500,1111010300,서울특별시,종로구,궁정동,,11110,10300,서울특별시 종로구 궁정동,서울특별시,종로구,청운효자동,11110,51500,서울특별시 종로구 청운효자동
1111051500,1111010400,서울특별시,종로구,효자동,,11110,10400,서울특별시 종로구 효자동,서울특별시,종로구,청운효자동,11110,51500,서울특별시 종로구 청운효자동
1111051500,1111010500,서울특별시,종로구,창성동,,11110,10500,서울특별시 종로구 창성동,서울특별시,종로구,청운효자동,11110,51500,서울특별시 종로구 청운효자동
1111051500,1111010800,서울특별시,종로구,통인동,,11110,10800,서울특별시 종로구 통인동,서울특별시,종로구,청운효자동,11110,51500,서울특별시 종로구 청운효자동
1111051500,1111010900,서울특별시,종로구,누상동,,11110,10900,서울특별시 종로구 누상동,서울특별시,종로구,청운효자동,11110,51500,서울특별시 종로구 청운효자동
1111051500,1111011000,서울특별시,종로구,누하동,,11110,11000,서울특별시 종로구 누하동,서울특별시,종로구,청운효자동,11110,51500,서울특별시 종로구 청운효자동
1111051500,1111011100,서울특별시,종로구,옥인동,,11110,11100,서울특별시 종로구 옥인동,서울특별시,종로구,청운효자동,11110,51500,서울특별시 종로구 청운효자동
1111051500,1111011900,서울특별시,종로구,세종로,,11110,11900,서울특별시 종로구 세종로,서울특별시,종로구,청운효자동,11110,51500,서울특별시 종로구 청운효자동
1111053000,1111010600,서울특별시,종로구,통의동,,11110,10600,서울특별시 종로구 통의동,서울특별시,종로구,사직동,11110,53000,서울특별시 종로구 사직동
1111053000,1111010700,서울특별시,종로구,적선동,,11110,10700,서울특별시 종로구 적선동,서울특별시,종로구,사직동,11110,53000,서울특별시 종로구 사직동
1111053000,1111011200,서울특별시,종로구,체부동,,11110,11200,서울특별시 종로구 체부동,서울특별시,종로구,사직동,11110,53000,서울특별시 종로구 사직동
1111053000,1111011300,서울특별시,종로구,필운동,,11110,11300,서울특별시 종로구 필운동,서울특별시,종로구,사직동,11110,53000,서울특별시 종로구 사직동
1111053000,1111011400,서울특별시,종로구,내자동,,11110,11400,서울특별시 종로구 내자동,서울특별시,종로구,사직동,11110,53000,서울특별시 종로구 사직동
1111053000,1111011500,서울특별시,종로구,사직동,,11110,11500,서울특별시 종로구 사직동,서울특별시,종로구,사직동,11110,53000,서울특별시 종로구 사직동
1111053000,1111011600,서울특별시,종로구,도렴동,,11110,11600,서울특별시 종로구 도렴동,서울특별시,종로구,사직동,11110,53000,서울특별시 종로구 사직동
1111053000,1111011700,서울특별시,종로구,당주동,,11110,11700,서울특별시 종로구 당주동,서울특별시,종로구,사직동,11110,53000,서울특별시 종로구 사직동
1111053000,1111011800,서울특별시,종로구,내수동,,11110,11800,서울특별시 종로구 내수동,서울특별시,종로구,사직동,11110,53000,서울특별시 종로구 사직동
1111053000,1111011900,서울특별시,종로구,세종로,,11110,11900,서울특별시 종로구 세종로,서울특별시,종로구,사직동,11110,53000,서울특별시 종로구 사직동
1111053000,1111012000,서울특별시,종로구,신문로1가,,11110,12000,서울특별시 종로구 신문로1가,서울특별시,종로구,사직동,11110,53000,서울특별시 종로구 사직동
1111053000,1111012100,서울특별시,종로구,신문로2가,,11110,12100,서울특별시 종로구 신문로2가,서울특별시,종로구,사직동,11110,53000,서울특별시 종로구 사직동
1111054000,1111013900,서울특별시,종로구,팔판동,,11110,13900,서울특별시 종로구 팔판동,서울특별시,종로구,삼청동,11110,54000,서울특별시 종로구 삼청동
1111054000,1111014000,서울특별시,종로구,삼청동,,11110,14000,서울특별시 종로구 삼청동,서울특별시,종로구,삼청동,11110,54000,서울특별시 종로구 삼청동
1111054000,1111014100,서울특별시,종로구,안국동,,11110,14100,서울특별시 종로구 안국동,서울특별시,종로구,삼청동,11110,54000,서울특별시 종로구 삼청동
1111054000,1111014200,서울특별시,종로구,소격동,,11110,14200,서울특별시 종로구 소격동,서울특별시,종로구,삼청동,11110,54000,서울특별시 종로구 삼청동
1111054000,1111014300,서울특별시,종로구,화동,,11110,14300,서울특별시 종로구 화동,서울특별시,종로구,삼청동,11110,54000,서울특별시 종로구 삼청동
1111054000,1111014400,서울특별시,종로구,사간동,,11110,14400,서울특별시 종로구 사간동,서울특별시,종로구,삼청동,11110,54000,서울특별시 종로구 삼청동
1111054000,1111014500,서울특별시,종로구,송현동,,11110,14500,서울특별시 종로구 송현동,서울특별시,종로구,삼청동,11110,54000,서울특별시 종로구 삼청동
1111055000,1111018400,서울특별시,종로구,부암동,,11110,18400,서울특별시 종로구 부암동,서울특별시,종로구,부암동,11110,55000,서울특별시 종로구 부암동
1111055000,1111018500,서울특별시,종로구,홍지동,,11110,18500,서울특별시 종로구 홍지동,서울특별시,종로구,부암동,11110,55000,서울특별시 종로구 부암동
1111055000,1111018600,서울특별시,종로구,신영동,,11110,18600,서울특별시 종로구 신영동,서울특별시,종로구,부암동,11110,55000,서울특별시 종로구 부암동
1111056000,1111018200,서울특별시,종로구,구기동,,11110,18200,서울특별시 종로구 구기동,서울특별시,종로구,평창동,11110,56000,서울특별시 종로구 평창동
1111056000,1111018300,서울특별시,종로구,평창동,,11110,18300,서울특별시 종로구 평창동,서울특별시,종로구,평창동,11110,56000,서울특별시 종로구 평창동
1111057000,1111018700,서울특별시,종로구,무악동,,11110,18700,서울특별시 종로구 무악동,서울특별시,종로구,무악동,11110,57000,서울특별시 종로구 무악동
1111058000,1111017600,서울특별시,종로구,교남동,,11110,17600,서울특별시 종로구 교남동,서울특별시,종로구,교남동,11110,58000,서울특별시 종로구 교남동
1111058000,1111017700,서울특별시,종로구,평동,,11110,17700,서울특별시 종로구 평동,서울특별시,종로구,교남동,11110,58000,서울특별시 종로구 교남동
1111058000,1111017800,서울특별시,종로구,송월동,,11110,17800,서울특별시 종로구 송월동,서울특별시,종로구,교남동,11110,58000,서울특별시 종로구 교남동
1111058000,1111017900,서울특별시,종로구,홍파동,,11110,17900,서울특별시 종로구 홍파동,서울특별시,종로구,교남동,11110,58000,서울특별시 종로구 교남동
1111058000,1111018000,서울특별시,종로구,교북동,,11110,18000,서울특별시 종로구 교북동,서울특별시,종로구,교남동,11110,58000,서울특별시 종로구 교남동
1111058000,1111018100,서울특별시,종로구,행촌동,,11110,18100,서울특별시 종로구 행촌동,서울특별시,종로구,교남동,11110,58000,서울특별시 종로구 교남동
1111060000,1111014600,서울특별시,종로구,가회동,,11110,14600,서울특별시 종로구 가회동,서울특별시,종로구,가회동,11110,60000,서울특별시 종로구 가회동
1111060000,1111014700,서울특별시,종로구,재동,,11110,14700,서울특별시 종로구 재동,서울특별시,종로구,가회동,11110,60000,서울특별시 종로구 가회동
1111060000,1111014800,서울특별시,종로구,계동,,11110,14800,서울특별시 종로구 계동,서울특별시,종로구,가회동,11110,60000,서울특별시 종로구 가회동
1111060000,1111014900,서울특별시,종로구,원서동,,11110,14900,서울특별시 종로구 원서동,서울특별시,종로구,가회동,11110,60000,서울특별시 종로구 가회동
1111061500,1111011900,서울특별시,종로구,세종로,,11110,11900,서울특별시 종로구 세종로,서울특별시,종로구,종로1.2.3.4가동,11110,61500,서울특별시 종로구 종로1.2.3.4가동
1111061500,1111012200,서울특별시,종로구,청진동,,11110,12200,서울특별시 종로구 청진동,서울특별시,종로구,종로1.2.3.4가동,11110,61500,서울특별시 종로구 종로1.2.3.4가동
1111061500,1111012300,서울특별시,종로구,서린동,,11110,12300,서울특별시 종로구 서린동,서울특별시,종로구,종로1.2.3.4가동,11110,61500,서울특별시 종로구 종로1.2.3.4가동
1111061500,1111012400,서울특별시,종로구,수송동,,11110,12400,서울특별시 종로구 수송동,서울특별시,종로구,종로1.2.3.4가동,11110,61500,서울특별시 종로구 종로1.2.3.4가동
1111061500,1111012500,서울특별시,종로구,중학동,,11110,12500,서울특별시 종로구 중학동,서울특별시,종로구,종로1.2.3.4가동,11110,61500,서울특별시 종로구 종로1.2.3.4가동
1111061500,1111012600,서울특별시,종로구,종로1가,,11110,12600,서울특별시 종로구 종로1가,서울특별시,종로구,종로1.2.3.4가동,11110,61500,서울특별시 종로구 종로1.2.3.4가동
1111061500,1111012700,서울특별시,종로구,공평동,,11110,12700,서울특별시 종로구 공평동,서울특별시,종로구,종로1.2.3.4가동,11110,61500,서울특별시 종로구 종로1.2.3.4가동
1111061500,1111012800,서울특별시,종로구,관훈동,,11110,12800,서울특별시 종로구 관훈동,서울특별시,종로구,종로1.2.3.4가동,11110,61500,서울특별시 종로구 종로1.2.3.4가동
1111061500,1111012900,서울특별시,종로구,견지동,,11110,12900,서울특별시 종로구 견지동,서울특별시,종로구,종로1.2.3.4가동,11110,61500,서울특별시 종로구 종로1.2.3.4가동
1111061500,1111013000,서울특별시,종로구,와룡동,,11110,13000,서울특별시 종로구 와룡동,서울특별시,종로구,종로1.2.3.4가동,11110,61500,서울특별시 종로구 종로1.2.3.4가동
1111061500,1111013100,서울특별시,종로구,권농동,,11110,13100,서울특별시 종로구 권농동,서울특별시,종로구,종로1.2.3.4가동,11110,61500,서울특별시 종로구 종로1.2.3.4가동
1111061500,1111013200,서울특별시,종로구,운니동,,11110,13200,서울특별시 종로구 운니동,서울특별시,종로구,종로1.2.3.4가동,11110,61500,서울특별시 종로구 종로1.2.3.4가동
1111061500,1111013300,서울특별시,종로구,익선동,,11110,13300,서울특별시 종로구 익선동,서울특별시,종로구,종로1.2.3.4가동,11110,61500,서울특별시 종로구 종로1.2.3.4가동
1111061500,1111013400,서울특별시,종로구,경운동,,11110,13400,서울특별시 종로구 경운동,서울특별시,종로구,종로1.2.3.4가동,11110,61500,서울특별시 종로구 종로1.2.3.4가동
1111061500,1111013500,서울특별시,종로구,관철동,,11110,13500,서울특별시 종로구 관철동,서울특별시,종로구,종로1.2.3.4가동,11110,61500,서울특별시 종로구 종로1.2.3.4가동
1111061500,1111013600,서울특별시,종로구,인사동,,11110,13600,서울특별시 종로구 인사동,서울특별시,종로구,종로1.2.3.4가동,11110,61500,서울특별시 종로구 종로1.2.3.4가동
1111061500,1111013700,서울특별시,종로구,낙원동,,11110,13700,서울특별시 종로구 낙원동,서울특별시,종로구,종로1.2.3.4가동,11110,61500,서울특별시 종로구 종로1.2.3.4가동
1111061500,1111013800,서울특별시,종로구,종로2가,,11110,13800,서울특별시 종로구 종로2가,서울특별시,종로구,종로1.2.3.4가동,11110,61500,서울특별시 종로구 종로1.2.3.4가동
1111061500,1111015000,서울특별시,종로구,훈정동,,11110,15000,서울특별시 종로구 훈정동,서울특별시,종로구,종로1.2.3.4가동,11110,61500,서울특별시 종로구 종로1.2.3.4가동
1111061500,1111015100,서울특별시,종로구,묘동,,11110,15100,서울특별시 종로구 묘동,서울특별시,종로구,종로1.2.3.4가동,11110,61500,서울특별시 종로구 종로1.2.3.4가동
1111061500,1111015200,서울특별시,종로구,봉익동,,11110,15200,서울특별시 종로구 봉익동,서울특별시,종로구,종로1.2.3.4가동,11110,61500,서울특별시 종로구 종로1.2.3.4가동
1111061500,1111015300,서울특별시,종로구,돈의동,,11110,15300,서울특별시 종로구 돈의동,서울특별시,종로구,종로1.2.3.4가동,11110,61500,서울특별시 종로구 종로1.2.3.4가동
1111061500,1111015400,서울특별시,종로구,장사동,,11110,15400,서울특별시 종로구 장사동,서울특별시,종로구,종로1.2.3.4가동,11110,61500,서울특별시 종로구 종로1.2.3.4가동
1111061500,1111015500,서울특별시,종로구,관수동,,11110,15500,서울특별시 종로구 관수동,서울특별시,종로구,종로1.2.3.4가동,11110,61500,서울특별시 종로구 종로1.2.3.4가동
1111061500,1111015600,서울특별시,종로구,종로3가,,11110,15600,서울특별시 종로구 종로3가,서울특별시,종로구,종로1.2.3.4가동,11110,61500,서울특별시 종로구 종로1.2.3.4가동
1111061500,1111015700,서울특별시,종로구,인의동,,11110,15700,서울특별시 종로구 인의동,서울특별시,종로구,종로1.2.3.4가동,11110,61500,서울특별시 종로구 종로1.2.3.4가동
1111061500,1111015800,서울특별시,종로구,예지동,,11110,15800,서울특별시 종로구 예지동,서울특별시,종로구,종로1.2.3.4가동,11110,61500,서울특별시 종로구 종로1.2.3.4가동
1111061500,1111015900,서울특별시,종로구,원남동,,11110,15900,서울특별시 종로구 원남동,서울특별시,종로구,종로1.2.3.4가동,11110,61500,서울특별시 종로구 종로1.2.3.4가동
1111061500,1111016100,서울특별시,종로구,종로4가,,11110,16100,서울특별시 종로구 종로4가,서울특별시,종로구,종로1.2.3.4가동,11110,61500,서울특별시 종로구 종로1.2.3.4가동
1111063000,1111016000,서울특별시,종로구,연지동,,11110,16000,서울특별시 종로구 연지동,서울특별시,종로구,종로5.6가동,11110,63000,서울특별시 종로구 종로5.6가동
1111063000,1111016200,서울특별시,종로구,효제동,,11110,16200,서울특별시 종로구 효제동,서울특별시,종로구,종로5.6가동,11110,63000,서울특별시 종로구 종로5.6가동
1111063000,1111016300,서울특별시,종로구,종로5가,,11110,16300,서울특별시 종로구 종로5가,서울특별시,종로구,종로5.6가동,11110,63000,서울특별시 종로구 종로5.6가동
1111063000,1111016400,서울특별시,종로구,종로6가,,11110,16400,서울특별시 종로구 종로6가,서울특별시,종로구,종로5.6가동,11110,63000,서울특별시 종로구 종로5.6가동
1111063000,1111016700,서울특별시,종로구,충신동,,11110,16700,서울특별시 종로구 충신동,서울특별시,종로구,종로5.6가동,11110,63000,서울특별시 종로구 종로5.6가동
1111064000,1111016500,서울특별시,종로구,이화동,,11110,16500,서울특별시 종로구 이화동,서울특별시,종로구,이화동,11110,64000,서울특별시 종로구 이화동
1111064000,1111016600,서울특별시,종로구,연건동,,11110,16600,서울특별시 종로구 연건동,서울특별시,종로구,이화동,11110,64000,서울특별시 종로구 이화동
1111064000,1111016800,서울특별시,종로구,동숭동,,11110,16800,서울특별시 종로구 동숭동,서울특별시,종로구,이화동,11110,64000,서울특별시 종로구 이화동
1111065000,1111013000,서울특별시,종로구,와룡동,,11110,13000,서울특별시 종로구 와룡동,서울특별시,종로구,혜화동,11110,65000,서울특별시 종로구 혜화동
1111065000,1111016900,서울특별시,종로구,혜화동,,11110,16900,서울특별시 종로구 혜화동,서울특별시,종로구,혜화동,11110,65000,서울특별시 종로구 혜화동
1111065000,1111017000,서울특별시,종로구,명륜1가,,11110,17000,서울특별시 종로구 명륜1가,서울특별시,종로구,혜화동,11110,65000,서울특별시 종로구 혜화동
1111065000,1111017100,서울특별시,종로구,명륜2가,,11110,17100,서울특별시 종로구 명륜2가,서울특별시,종로구,혜화동,11110,65000,서울특별시 종로구 혜화동
1111065000,1111017200,서울특별시,종로구,명륜4가,,11110,17200,서울특별시 종로구 명륜4가,서울특별시,종로구,혜화동,11110,65000,서울특별시 종로구 혜화동
1111065000,1111017300,서울특별시,종로구,명륜3가,,11110,17300,서울특별시 종로구 명륜3가,서울특별시,종로구,혜화동,11110,65000,서울특별시 종로구 혜화동
1111067000,1111017400,서울특별시,종로구,창신동,,11110,17400,서울특별시 종로구 창신동,서울특별시,종로구,창신제1동,11110,67000,서울특별시 종로구 창신제1동
1111068000,1111017400,서울특별시,종로구,창신동,,11110,17400,서울특별시 종로구 창신동,서울특별시,종로구,창신제2동,11110,68000,서울특별시 종로구 창신제2동
1111069000,1111017400,서울특별시,종로구,창신동,,11110,17400,서울특별시 종로구 창신동,서울특별시,종로구,창신제3동,11110,69000,서울특별시 종로구 창신제3동
1111070000,1111017500,서울특별시,종로구,숭인동,,11110,17500,서울특별시 종로구 숭인동,서울특별시,종로구,숭인제1동,11110,70000,서울특별시 종로구 숭인제1동
1111071000,1111017500,서울특별시,종로구,숭인동,,11110,17500,서울특별시 종로구 숭인동,서울특별시,종로구,숭인제2동,11110,71000,서울특별시 종로구 숭인제2동
1114052000,1114011100,서울특별시,중구,소공동,,11140,11100,서울특별시 중구 소공동,서울특별시,중구,소공동,11140,52000,서울특별시 중구 소공동
1114052000,1114011300,서울특별시,중구,북창동,,11140,11300,서울특별시 중구 북창동,서울특별시,중구,소공동,11140,52000,서울특별시 중구 소공동
1114052000,1114011400,서울특별시,중구,태평로2가,,11140,11400,서울특별시 중구 태평로2가,서울특별시,중구,소공동,11140,52000,서울특별시 중구 소공동
1114052000,1114011500,서울특별시,중구,남대문로2가,,11140,11500,서울특별시 중구 남대문로2가,서울특별시,중구,소공동,11140,52000,서울특별시 중구 소공동
1114052000,1114011600,서울특별시,중구,남대문로3가,,11140,11600,서울특별시 중구 남대문로3가,서울특별시,중구,소공동,11140,52000,서울특별시 중구 소공동
1114052000,1114011700,서울특별시,중구,남대문로4가,,11140,11700,서울특별시 중구 남대문로4가,서울특별시,중구,소공동,11140,52000,서울특별시 중구 소공동
1114052000,1114011900,서울특별시,중구,봉래동1가,,11140,11900,서울특별시 중구 봉래동1가,서울특별시,중구,소공동,11140,52000,서울특별시 중구 소공동
1114052000,1114016600,서울특별시,중구,서소문동,,11140,16600,서울특별시 중구 서소문동,서울특별시,중구,소공동,11140,52000,서울특별시 중구 소공동
1114052000,1114016700,서울특별시,중구,정동,,11140,16700,서울특별시 중구 정동,서울특별시,중구,소공동,11140,52000,서울특별시 중구 소공동
1114052000,1114016800,서울특별시,중구,순화동,,11140,16800,서울특별시 중구 순화동,서울특별시,중구,소공동,11140,52000,서울특별시 중구 소공동
1114052000,1114016900,서울특별시,중구,의주로1가,,11140,16900,서울특별시 중구 의주로1가,서울특별시,중구,소공동,11140,52000,서울특별시 중구 소공동
1114052000,1114017000,서울특별시,중구,충정로1가,,11140,17000,서울특별시 중구 충정로1가,서울특별시,중구,소공동,11140,52000,서울특별시 중구 소공동
1114054000,1114011200,서울특별시,중구,남창동,,11140,11200,서울특별시 중구 남창동,서울특별시,중구,회현동,11140,54000,서울특별시 중구 회현동
1114054000,1114011600,서울특별시,중구,남대문로3가,,11140,11600,서울특별시 중구 남대문로3가,서울특별시,중구,회현동,11140,54000,서울특별시 중구 회현동
1114054000,1114011700,서울특별시,중구,남대문로4가,,11140,11700,서울특별시 중구 남대문로4가,서울특별시,중구,회현동,11140,54000,서울특별시 중구 회현동
1114054000,1114011800,서울특별시,중구,남대문로5가,,11140,11800,서울특별시 중구 남대문로5가,서울특별시,중구,회현동,11140,54000,서울특별시 중구 회현동
1114054000,1114011900,서울특별시,중구,봉래동1가,,11140,11900,서울특별시 중구 봉래동1가,서울특별시,중구,회현동,11140,54000,서울특별시 중구 회현동
1114054000,1114012000,서울특별시,중구,봉래동2가,,11140,12000,서울특별시 중구 봉래동2가,서울특별시,중구,회현동,11140,54000,서울특별시 중구 회현동
1114054000,1114012100,서울특별시,중구,회현동1가,,11140,12100,서울특별시 중구 회현동1가,서울특별시,중구,회현동,11140,54000,서울특별시 중구 회현동
1114054000,1114012200,서울특별시,중구,회현동2가,,11140,12200,서울특별시 중구 회현동2가,서울특별시,중구,회현동,11140,54000,서울특별시 중구 회현동
1114054000,1114012400,서울특별시,중구,충무로1가,,11140,12400,서울특별시 중구 충무로1가,서울특별시,중구,회현동,11140,54000,서울특별시 중구 회현동
1114054000,1114016800,서울특별시,중구,순화동,,11140,16800,서울특별시 중구 순화동,서울특별시,중구,회현동,11140,54000,서울특별시 중구 회현동
1114055000,1114010100,서울특별시,중구,무교동,,11140,10100,서울특별시 중구 무교동,서울특별시,중구,명동,11140,55000,서울특별시 중구 명동
1114055000,1114010200,서울특별시,중구,다동,,11140,10200,서울특별시 중구 다동,서울특별시,중구,명동,11140,55000,서울특별시 중구 명동
1114055000,1114010300,서울특별시,중구,태평로1가,,11140,10300,서울특별시 중구 태평로1가,서울특별시,중구,명동,11140,55000,서울특별시 중구 명동
1114055000,1114010400,서울특별시,중구,을지로1가,,11140,10400,서울특별시 중구 을지로1가,서울특별시,중구,명동,11140,55000,서울특별시 중구 명동
1114055000,1114010500,서울특별시,중구,을지로2가,,11140,10500,서울특별시 중구 을지로2가,서울특별시,중구,명동,11140,55000,서울특별시 중구 명동
1114055000,1114010600,서울특별시,중구,남대문로1가,,11140,10600,서울특별시 중구 남대문로1가,서울특별시,중구,명동,11140,55000,서울특별시 중구 명동
1114055000,1114010700,서울특별시,중구,삼각동,,11140,10700,서울특별시 중구 삼각동,서울특별시,중구,명동,11140,55000,서울특별시 중구 명동
1114055000,1114010800,서울특별시,중구,수하동,,11140,10800,서울특별시 중구 수하동,서울특별시,중구,명동,11140,55000,서울특별시 중구 명동
1114055000,1114010900,서울특별시,중구,장교동,,11140,10900,서울특별시 중구 장교동,서울특별시,중구,명동,11140,55000,서울특별시 중구 명동
1114055000,1114011000,서울특별시,중구,수표동,,11140,11000,서울특별시 중구 수표동,서울특별시,중구,명동,11140,55000,서울특별시 중구 명동
1114055000,1114011500,서울특별시,중구,남대문로2가,,11140,11500,서울특별시 중구 남대문로2가,서울특별시,중구,명동,11140,55000,서울특별시 중구 명동
1114055000,1114012100,서울특별시,중구,회현동1가,,11140,12100,서울특별시 중구 회현동1가,서울특별시,중구,명동,11140,55000,서울특별시 중구 명동
1114055000,1114012200,서울특별시,중구,회현동2가,,11140,12200,서울특별시 중구 회현동2가,서울특별시,중구,명동,11140,55000,서울특별시 중구 명동
1114055000,1114012300,서울특별시,중구,회현동3가,,11140,12300,서울특별시 중구 회현동3가,서울특별시,중구,명동,11140,55000,서울특별시 중구 명동
1114055000,1114012400,서울특별시,중구,충무로1가,,11140,12400,서울특별시 중구 충무로1가,서울특별시,중구,명동,11140,55000,서울특별시 중구 명동
1114055000,1114012500,서울특별시,중구,충무로2가,,11140,12500,서울특별시 중구 충무로2가,서울특별시,중구,명동,11140,55000,서울특별시 중구 명동
1114055000,1114012600,서울특별시,중구,명동1가,,11140,12600,서울특별시 중구 명동1가,서울특별시,중구,명동,11140,55000,서울특별시 중구 명동
1114055000,1114012700,서울특별시,중구,명동2가,,11140,12700,서울특별시 중구 명동2가,서울특별시,중구,명동,11140,55000,서울특별시 중구 명동
1114055000,1114012800,서울특별시,중구,남산동1가,,11140,12800,서울특별시 중구 남산동1가,서울특별시,중구,명동,11140,55000,서울특별시 중구 명동
1114055000,1114012900,서울특별시,중구,남산동2가,,11140,12900,서울특별시 중구 남산동2가,서울특별시,중구,명동,11140,55000,서울특별시 중구 명동
1114055000,1114013000,서울특별시,중구,남산동3가,,11140,13000,서울특별시 중구 남산동3가,서울특별시,중구,명동,11140,55000,서울특별시 중구 명동
1114055000,1114013100,서울특별시,중구,저동1가,,11140,13100,서울특별시 중구 저동1가,서울특별시,중구,명동,11140,55000,서울특별시 중구 명동
1114055000,1114014200,서울특별시,중구,예장동,,11140,14200,서울특별시 중구 예장동,서울특별시,중구,명동,11140,55000,서울특별시 중구 명동
1114057000,1114013200,서울특별시,중구,충무로4가,,11140,13200,서울특별시 중구 충무로4가,서울특별시,중구,필동,11140,57000,서울특별시 중구 필동
1114057000,1114013300,서울특별시,중구,충무로5가,,11140,13300,서울특별시 중구 충무로5가,서울특별시,중구,필동,11140,57000,서울특별시 중구 필동
1114057000,1114013600,서울특별시,중구,묵정동,,11140,13600,서울특별시 중구 묵정동,서울특별시,중구,필동,11140,57000,서울특별시 중구 필동
1114057000,1114013700,서울특별시,중구,필동1가,,11140,13700,서울특별시 중구 필동1가,서울특별시,중구,필동,11140,57000,서울특별시 중구 필동
1114057000,1114013800,서울특별시,중구,필동2가,,11140,13800,서울특별시 중구 필동2가,서울특별시,중구,필동,11140,57000,서울특별시 중구 필동
1114057000,1114013900,서울특별시,중구,필동3가,,11140,13900,서울특별시 중구 필동3가,서울특별시,중구,필동,11140,57000,서울특별시 중구 필동
1114057000,1114014000,서울특별시,중구,남학동,,11140,14000,서울특별시 중구 남학동,서울특별시,중구,필동,11140,57000,서울특별시 중구 필동
1114057000,1114014100,서울특별시,중구,주자동,,11140,14100,서울특별시 중구 주자동,서울특별시,중구,필동,11140,57000,서울특별시 중구 필동
1114057000,1114014200,서울특별시,중구,예장동,,11140,14200,서울특별시 중구 예장동,서울특별시,중구,필동,11140,57000,서울특별시 중구 필동
1114057000,1114014400,서울특별시,중구,장충동2가,,11140,14400,서울특별시 중구 장충동2가,서울특별시,중구,필동,11140,57000,서울특별시 중구 필동
1114057000,1114015800,서울특별시,중구,충무로3가,,11140,15800,서울특별시 중구 충무로3가,서울특별시,중구,필동,11140,57000,서울특별시 중구 필동
1114058000,1114013600,서울특별시,중구,묵정동,,11140,13600,서울특별시 중구 묵정동,서울특별시,중구,장충동,11140,58000,서울특별시 중구 장충동
1114058000,1114014300,서울특별시,중구,장충동1가,,11140,14300,서울특별시 중구 장충동1가,서울특별시,중구,장충동,11140,58000,서울특별시 중구 장충동
1114058000,1114014400,서울특별시,중구,장충동2가,,11140,14400,서울특별시 중구 장충동2가,서울특별시,중구,장충동,11140,58000,서울특별시 중구 장충동
1114059000,1114013200,서울특별시,중구,충무로4가,,11140,13200,서울특별시 중구 충무로4가,서울특별시,중구,광희동,11140,59000,서울특별시 중구 광희동
1114059000,1114013300,서울특별시,중구,충무로5가,,11140,13300,서울특별시 중구 충무로5가,서울특별시,중구,광희동,11140,59000,서울특별시 중구 광희동
1114059000,1114013400,서울특별시,중구,인현동2가,,11140,13400,서울특별시 중구 인현동2가,서울특별시,중구,광희동,11140,59000,서울특별시 중구 광희동
1114059000,1114013500,서울특별시,중구,예관동,,11140,13500,서울특별시 중구 예관동,서울특별시,중구,광희동,11140,59000,서울특별시 중구 광희동
1114059000,1114014500,서울특별시,중구,광희동1가,,11140,14500,서울특별시 중구 광희동1가,서울특별시,중구,광희동,11140,59000,서울특별시 중구 광희동
1114059000,1114014600,서울특별시,중구,광희동2가,,11140,14600,서울특별시 중구 광희동2가,서울특별시,중구,광희동,11140,59000,서울특별시 중구 광희동
1114059000,1114014700,서울특별시,중구,쌍림동,,11140,14700,서울특별시 중구 쌍림동,서울특별시,중구,광희동,11140,59000,서울특별시 중구 광희동
1114059000,1114014800,서울특별시,중구,을지로6가,,11140,14800,서울특별시 중구 을지로6가,서울특별시,중구,광희동,11140,59000,서울특별시 중구 광희동
1114059000,1114014900,서울특별시,중구,을지로7가,,11140,14900,서울특별시 중구 을지로7가,서울특별시,중구,광희동,11140,59000,서울특별시 중구 광희동
1114059000,1114015400,서울특별시,중구,오장동,,11140,15400,서울특별시 중구 오장동,서울특별시,중구,광희동,11140,59000,서울특별시 중구 광희동
1114060500,1114015000,서울특별시,중구,을지로4가,,11140,15000,서울특별시 중구 을지로4가,서울특별시,중구,을지로동,11140,60500,서울특별시 중구 을지로동
1114060500,1114015100,서울특별시,중구,을지로5가,,11140,15100,서울특별시 중구 을지로5가,서울특별시,중구,을지로동,11140,60500,서울특별시 중구 을지로동
1114060500,1114015200,서울특별시,중구,주교동,,11140,15200,서울특별시 중구 주교동,서울특별시,중구,을지로동,11140,60500,서울특별시 중구 을지로동
1114060500,1114015300,서울특별시,중구,방산동,,11140,15300,서울특별시 중구 방산동,서울특별시,중구,을지로동,11140,60500,서울특별시 중구 을지로동
1114060500,1114015500,서울특별시,중구,을지로3가,,11140,15500,서울특별시 중구 을지로3가,서울특별시,중구,을지로동,11140,60500,서울특별시 중구 을지로동
1114060500,1114015600,서울특별시,중구,입정동,,11140,15600,서울특별시 중구 입정동,서울특별시,중구,을지로동,11140,60500,서울특별시 중구 을지로동
1114060500,1114015700,서울특별시,중구,산림동,,11140,15700,서울특별시 중구 산림동,서울특별시,중구,을지로동,11140,60500,서울특별시 중구 을지로동
1114060500,1114015900,서울특별시,중구,초동,,11140,15900,서울특별시 중구 초동,서울특별시,중구,을지로동,11140,60500,서울특별시 중구 을지로동
1114060500,1114016000,서울특별시,중구,인현동1가,,11140,16000,서울특별시 중구 인현동1가,서울특별시,중구,을지로동,11140,60500,서울특별시 중구 을지로동
1114060500,1114016100,서울특별시,중구,저동2가,,11140,16100,서울특별시 중구 저동2가,서울특별시,중구,을지로동,11140,60500,서울특별시 중구 을지로동
1114061500,1114016200,서울특별시,중구,신당동,,11140,16200,서울특별시 중구 신당동,서울특별시,중구,신당동,11140,61500,서울특별시 중구 신당동
1114061500,1114016300,서울특별시,중구,흥인동,,11140,16300,서울특별시 중구 흥인동,서울특별시,중구,신당동,11140,61500,서울특별시 중구 신당동
1114061500,1114016400,서울특별시,중구,무학동,,11140,16400,서울특별시 중구 무학동,서울특별시,중구,신당동,11140,61500,서울특별시 중구 신당동
1114062500,1114016200,서울특별시,중구,신당동,,11140,16200,서울특별시 중구 신당동,서울특별시,중구,다산동,11140,62500,서울특별시 중구 다산동
1114063500,1114016200,서울특별시,중구,신당동,,11140,16200,서울특별시 중구 신당동,서울특별시,중구,약수동,11140,63500,서울특별시 중구 약수동
1114064500,1114016200,서울특별시,중구,신당동,,11140,16200,서울특별시 중구 신당동,서울특별시,중구,청구동,11140,64500,서울특별시 중구 청구동
1114065000,1114016200,서울특별시,중구,신당동,,11140,16200,서울특별시 중구 신당동,서울특별시,중구,신당제5동,11140,65000,서울특별시 중구 신당제5동
1114066500,1114016200,서울특별시,중구,신당동,,11140,16200,서울특별시 중구 신당동,서울특별시,중구,동화동,11140,66500,서울특별시 중구 동화동
1114067000,1114016500,서울특별시,중구,황학동,,11140,16500,서울특별시 중구 황학동,서울특별시,중구,황학동,11140,67000,서울특별시 중구 황학동
1114068000,1114017100,서울특별시,중구,중림동,,11140,17100,서울특별시 중구 중림동,서울특별시,중구,중림동,11140,68000,서울특별시 중구 중림동
1114068000,1114017200,서울특별시,중구,의주로2가,,11140,17200,서울특별시 중구 의주로2가,서울특별시,중구,중림동,11140,68000,서울특별시 중구 중림동
1114068000,1114017300,서울특별시,중구,만리동1가,,11140,17300,서울특별시 중구 만리동1가,서울특별시,중구,중림동,11140,68000,서울특별시 중구 중림동
1114068000,1114017400,서울특별시,중구,만리동2가,,11140,17400,서울특별시 중구 만리동2가,서울특별시,중구,중림동,11140,68000,서울특별시 중구 중림동
1117051000,1117010100,서울특별시,용산구,후암동,,11170,10100,서울특별시 용산구 후암동,서울특별시,용산구,후암동,11170,51000,서울특별시 용산구 후암동
1117052000,1117010200,서울특별시,용산구,용산동2가,,11170,10200,서울특별시 용산구 용산동2가,서울특별시,용산구,용산2가동,11170,52000,서울특별시 용산구 용산2가동
1117052000,1117010300,서울특별시,용산구,용산동4가,,11170,10300,서울특별시 용산구 용산동4가,서울특별시,용산구,용산2가동,11170,52000,서울특별시 용산구 용산2가동
1117053000,1117010400,서울특별시,용산구,갈월동,,11170,10400,서울특별시 용산구 갈월동,서울특별시,용산구,남영동,11170,53000,서울특별시 용산구 남영동
1117053000,1117010500,서울특별시,용산구,남영동,,11170,10500,서울특별시 용산구 남영동,서울특별시,용산구,남영동,11170,53000,서울특별시 용산구 남영동
1117053000,1117010600,서울특별시,용산구,용산동1가,,11170,10600,서울특별시 용산구 용산동1가,서울특별시,용산구,남영동,11170,53000,서울특별시 용산구 남영동
1117053000,1117010700,서울특별시,용산구,동자동,,11170,10700,서울특별시 용산구 동자동,서울특별시,용산구,남영동,11170,53000,서울특별시 용산구 남영동
1117055500,1117010800,서울특별시,용산구,서계동,,11170,10800,서울특별시 용산구 서계동,서울특별시,용산구,청파동,11170,55500,서울특별시 용산구 청파동
1117055500,1117010900,서울특별시,용산구,청파동1가,,11170,10900,서울특별시 용산구 청파동1가,서울특별시,용산구,청파동,11170,55500,서울특별시 용산구 청파동
1117055500,1117011000,서울특별시,용산구,청파동2가,,11170,11000,서울특별시 용산구 청파동2가,서울특별시,용산구,청파동,11170,55500,서울특별시 용산구 청파동
1117055500,1117011100,서울특별시,용산구,청파동3가,,11170,11100,서울특별시 용산구 청파동3가,서울특별시,용산구,청파동,11170,55500,서울특별시 용산구 청파동
1117056000,1117011200,서울특별시,용산구,원효로1가,,11170,11200,서울특별시 용산구 원효로1가,서울특별시,용산구,원효로제1동,11170,56000,서울특별시 용산구 원효로제1동
1117056000,1117011300,서울특별시,용산구,원효로2가,,11170,11300,서울특별시 용산구 원효로2가,서울특별시,용산구,원효로제1동,11170,56000,서울특별시 용산구 원효로제1동
1117056000,1117012200,서울특별시,용산구,문배동,,11170,12200,서울특별시 용산구 문배동,서울특별시,용산구,원효로제1동,11170,56000,서울특별시 용산구 원효로제1동
1117056000,1117012300,서울특별시,용산구,신계동,,11170,12300,서울특별시 용산구 신계동,서울특별시,용산구,원효로제1동,11170,56000,서울특별시 용산구 원효로제1동
1117057000,1117011400,서울특별시,용산구,신창동,,11170,11400,서울특별시 용산구 신창동,서울특별시,용산구,원효로제2동,11170,57000,서울특별시 용산구 원효로제2동
1117057000,1117011500,서울특별시,용산구,산천동,,11170,11500,서울특별시 용산구 산천동,서울특별시,용산구,원효로제2동,11170,57000,서울특별시 용산구 원효로제2동
1117057000,1117011600,서울특별시,용산구,청암동,,11170,11600,서울특별시 용산구 청암동,서울특별시,용산구,원효로제2동,11170,57000,서울특별시 용산구 원효로제2동
1117057000,1117011700,서울특별시,용산구,원효로3가,,11170,11700,서울특별시 용산구 원효로3가,서울특별시,용산구,원효로제2동,11170,57000,서울특별시 용산구 원효로제2동
1117057000,1117011800,서울특별시,용산구,원효로4가,,11170,11800,서울특별시 용산구 원효로4가,서울특별시,용산구,원효로제2동,11170,57000,서울특별시 용산구 원효로제2동
1117058000,1117011900,서울특별시,용산구,효창동,,11170,11900,서울특별시 용산구 효창동,서울특별시,용산구,효창동,11170,58000,서울특별시 용산구 효창동
1117059000,1117012000,서울특별시,용산구,도원동,,11170,12000,서울특별시 용산구 도원동,서울특별시,용산구,용문동,11170,59000,서울특별시 용산구 용문동
1117059000,1117012100,서울특별시,용산구,용문동,,11170,12100,서울특별시 용산구 용문동,서울특별시,용산구,용문동,11170,59000,서울특별시 용산구 용문동
1117062500,1117012400,서울특별시,용산구,한강로1가,,11170,12400,서울특별시 용산구 한강로1가,서울특별시,용산구,한강로동,11170,62500,서울특별시 용산구 한강로동
1117062500,1117012500,서울특별시,용산구,한강로2가,,11170,12500,서울특별시 용산구 한강로2가,서울특별시,용산구,한강로동,11170,62500,서울특별시 용산구 한강로동
1117062500,1117012600,서울특별시,용산구,용산동3가,,11170,12600,서울특별시 용산구 용산동3가,서울특별시,용산구,한강로동,11170,62500,서울특별시 용산구 한강로동
1117062500,1117012700,서울특별시,용산구,용산동5가,,11170,12700,서울특별시 용산구 용산동5가,서울특별시,용산구,한강로동,11170,62500,서울특별시 용산구 한강로동
1117062500,1117012800,서울특별시,용산구,한강로3가,,11170,12800,서울특별시 용산구 한강로3가,서울특별시,용산구,한강로동,11170,62500,서울특별시 용산구 한강로동
1117063000,1117012900,서울특별시,용산구,이촌동,,11170,12900,서울특별시 용산구 이촌동,서울특별시,용산구,이촌제1동,11170,63000,서울특별시 용산구 이촌제1동
1117064000,1117012900,서울특별시,용산구,이촌동,,11170,12900,서울특별시 용산구 이촌동,서울특별시,용산구,이촌제2동,11170,64000,서울특별시 용산구 이촌제2동
1117065000,1117013000,서울특별시,용산구,이태원동,,11170,13000,서울특별시 용산구 이태원동,서울특별시,용산구,이태원제1동,11170,65000,서울특별시 용산구 이태원제1동
1117066000,1117013000,서울특별시,용산구,이태원동,,11170,13000,서울특별시 용산구 이태원동,서울특별시,용산구,이태원제2동,11170,66000,서울특별시 용산구 이태원제2동
1117068500,1117013100,서울특별시,용산구,한남동,,11170,13100,서울특별시 용산구 한남동,서울특별시,용산구,한남동,11170,68500,서울특별시 용산구 한남동
1117069000,1117013200,서울특별시,용산구,동빙고동,,11170,13200,서울특별시 용산구 동빙고동,서울특별시,용산구,서빙고동,11170,69000,서울특별시 용산구 서빙고동
1117069000,1117013300,서울특별시,용산구,서빙고동,,11170,13300,서울특별시 용산구 서빙고동,서울특별시,용산구,서빙고동,11170,69000,서울특별시 용산구 서빙고동
1117069000,1117013400,서울특별시,용산구,주성동,,11170,13400,서울특별시 용산구 주성동,서울특별시,용산구,서빙고동,11170,69000,서울특별시 용산구 서빙고동
1117069000,1117013500,서울특별시,용산구,용산동6가,,11170,13500,서울특별시 용산구 용산동6가,서울특별시,용산구,서빙고동,11170,69000,서울특별시 용산구 서빙고동
1117070000,1117013600,서울특별시,용산구,보광동,,11170,13600,서울특별시 용산구 보광동,서울특별시,용산구,보광동,11170,70000,서울특별시 용산구 보광동
1120052000,1120010200,서울특별시,성동구,하왕십리동,,11200,10200,서울특별시 성동구 하왕십리동,서울특별시,성동구,왕십리제2동,11200,52000,서울특별시 성동구 왕십리제2동
1120053500,1120010100,서울특별시,성동구,상왕십리동,,11200,10100,서울특별시 성동구 상왕십리동,서울특별시,성동구,왕십리도선동,11200,53500,서울특별시 성동구 왕십리도선동
1120053500,1120010200,서울특별시,성동구,하왕십리동,,11200,10200,서울특별시 성동구 하왕십리동,서울특별시,성동구,왕십리도선동,11200,53500,서울특별시 성동구 왕십리도선동
1120053500,1120010300,서울특별시,성동구,홍익동,,11200,10300,서울특별시 성동구 홍익동,서울특별시,성동구,왕십리도선동,11200,53500,서울특별시 성동구 왕십리도선동
1120053500,1120010400,서울특별시,성동구,도선동,,11200,10400,서울특별시 성동구 도선동,서울특별시,성동구,왕십리도선동,11200,53500,서울특별시 성동구 왕십리도선동
1120054000,1120010500,서울특별시,성동구,마장동,,11200,10500,서울특별시 성동구 마장동,서울특별시,성동구,마장동,11200,54000,서울특별시 성동구 마장동
1120055000,1120010600,서울특별시,성동구,사근동,,11200,10600,서울특별시 성동구 사근동,서울특별시,성동구,사근동,11200,55000,서울특별시 성동구 사근동
1120055000,1120010700,서울특별시,성동구,행당동,,11200,10700,서울특별시 성동구 행당동,서울특별시,성동구,사근동,11200,55000,서울특별시 성동구 사근동
1120056000,1120010700,서울특별시,성동구,행당동,,11200,10700,서울특별시 성동구 행당동,서울특별시,성동구,행당제1동,11200,56000,서울특별시 성동구 행당제1동
1120057000,1120010700,서울특별시,성동구,행당동,,11200,10700,서울특별시 성동구 행당동,서울특별시,성동구,행당제2동,11200,57000,서울특별시 성동구 행당제2동
1120058000,1120010800,서울특별시,성동구,응봉동,,11200,10800,서울특별시 성동구 응봉동,서울특별시,성동구,응봉동,11200,58000,서울특별시 성동구 응봉동
1120059000,1120010900,서울특별시,성동구,금호동1가,,11200,10900,서울특별시 성동구 금호동1가,서울특별시,성동구,금호1가동,11200,59000,서울특별시 성동구 금호1가동
1120061500,1120011000,서울특별시,성동구,금호동2가,,11200,11000,서울특별시 성동구 금호동2가,서울특별시,성동구,금호2.3가동,11200,61500,서울특별시 성동구 금호2.3가동
1120061500,1120011100,서울특별시,성동구,금호동3가,,11200,11100,서울특별시 성동구 금호동3가,서울특별시,성동구,금호2.3가동,11200,61500,서울특별시 성동구 금호2.3가동
1120062000,1120011200,서울특별시,성동구,금호동4가,,11200,11200,서울특별시 성동구 금호동4가,서울특별시,성동구,금호4가동,11200,62000,서울특별시 성동구 금호4가동
1120064500,1120011300,서울특별시,성동구,옥수동,,11200,11300,서울특별시 성동구 옥수동,서울특별시,성동구,옥수동,11200,64500,서울특별시 성동구 옥수동
1120065000,1120011400,서울특별시,성동구,성수동1가,,11200,11400,서울특별시 성동구 성수동1가,서울특별시,성동구,성수1가제1동,11200,65000,서울특별시 성동구 성수1가제1동
1120066000,1120011400,서울특별시,성동구,성수동1가,,11200,11400,서울특별시 성동구 성수동1가,서울특별시,성동구,성수1가제2동,11200,66000,서울특별시 성동구 성수1가제2동
1120067000,1120011500,서울특별시,성동구,성수동2가,,11200,11500,서울특별시 성동구 성수동2가,서울특별시,성동구,성수2가제1동,11200,67000,서울특별시 성동구 성수2가제1동
1120069000,1120011500,서울특별시,성동구,성수동2가,,11200,11500,서울특별시 성동구 성수동2가,서울특별시,성동구,성수2가제3동,11200,69000,서울특별시 성동구 성수2가제3동
1120072000,1120011800,서울특별시,성동구,송정동,,11200,11800,서울특별시 성동구 송정동,서울특별시,성동구,송정동,11200,72000,서울특별시 성동구 송정동
1120079000,1120011800,서울특별시,성동구,송정동,,11200,11800,서울특별시 성동구 송정동,서울특별시,성동구,용답동,11200,79000,서울특별시 성동구 용답동
1120079000,1120012200,서울특별시,성동구,용답동,,11200,12200,서울특별시 성동구 용답동,서울특별시,성동구,용답동,11200,79000,서울특별시 성동구 용답동
1121571000,1121510700,서울특별시,광진구,화양동,,11215,10700,서울특별시 광진구 화양동,서울특별시,광진구,화양동,11215,71000,서울특별시 광진구 화양동
1121573000,1121510900,서울특별시,광진구,군자동,,11215,10900,서울특별시 광진구 군자동,서울특별시,광진구,군자동,11215,73000,서울특별시 광진구 군자동
1121574000,1121510100,서울특별시,광진구,중곡동,,11215,10100,서울특별시 광진구 중곡동,서울특별시,광진구,중곡제1동,11215,74000,서울특별시 광진구 중곡제1동
1121575000,1121510100,서울특별시,광진구,중곡동,,11215,10100,서울특별시 광진구 중곡동,서울특별시,광진구,중곡제2동,11215,75000,서울특별시 광진구 중곡제2동
1121576000,1121510100,서울특별시,광진구,중곡동,,11215,10100,서울특별시 광진구 중곡동,서울특별시,광진구,중곡제3동,11215,76000,서울특별시 광진구 중곡제3동
1121577000,1121510100,서울특별시,광진구,중곡동,,11215,10100,서울특별시 광진구 중곡동,서울특별시,광진구,중곡제4동,11215,77000,서울특별시 광진구 중곡제4동
1121578000,1121510200,서울특별시,광진구,능동,,11215,10200,서울특별시 광진구 능동,서울특별시,광진구,능동,11215,78000,서울특별시 광진구 능동
1121581000,1121510400,서울특별시,광진구,광장동,,11215,10400,서울특별시 광진구 광장동,서울특별시,광진구,광장동,11215,81000,서울특별시 광진구 광장동
1121582000,1121510500,서울특별시,광진구,자양동,,11215,10500,서울특별시 광진구 자양동,서울특별시,광진구,자양제1동,11215,82000,서울특별시 광진구 자양제1동
1121583000,1121510500,서울특별시,광진구,자양동,,11215,10500,서울특별시 광진구 자양동,서울특별시,광진구,자양제2동,11215,83000,서울특별시 광진구 자양제2동
1121584000,1121510500,서울특별시,광진구,자양동,,11215,10500,서울특별시 광진구 자양동,서울특별시,광진구,자양제3동,11215,84000,서울특별시 광진구 자양제3동
1121584700,1121510500,서울특별시,광진구,자양동,,11215,10500,서울특별시 광진구 자양동,서울특별시,광진구,자양제4동,11215,84700,서울특별시 광진구 자양제4동
1121585000,1121510300,서울특별시,광진구,구의동,,11215,10300,서울특별시 광진구 구의동,서울특별시,광진구,구의제1동,11215,85000,서울특별시 광진구 구의제1동
1121586000,1121510300,서울특별시,광진구,구의동,,11215,10300,서울특별시 광진구 구의동,서울특별시,광진구,구의제2동,11215,86000,서울특별시 광진구 구의제2동
1121587000,1121510300,서울특별시,광진구,구의동,,11215,10300,서울특별시 광진구 구의동,서울특별시,광진구,구의제3동,11215,87000,서울특별시 광진구 구의제3동
1123053600,1123010100,서울특별시,동대문구,신설동,,11230,10100,서울특별시 동대문구 신설동,서울특별시,동대문구,용신동,11230,53600,서울특별시 동대문구 용신동
1123053600,1123010200,서울특별시,동대문구,용두동,,11230,10200,서울특별시 동대문구 용두동,서울특별시,동대문구,용신동,11230,53600,서울특별시 동대문구 용신동
1123054500,1123010300,서울특별시,동대문구,제기동,,11230,10300,서울특별시 동대문구 제기동,서울특별시,동대문구,제기동,11230,54500,서울특별시 동대문구 제기동
1123056000,1123010400,서울특별시,동대문구,전농동,,11230,10400,서울특별시 동대문구 전농동,서울특별시,동대문구,전농제1동,11230,56000,서울특별시 동대문구 전농제1동
1123057000,1123010400,서울특별시,동대문구,전농동,,11230,10400,서울특별시 동대문구 전농동,서울특별시,동대문구,전농제2동,11230,57000,서울특별시 동대문구 전농제2동
1123060000,1123010500,서울특별시,동대문구,답십리동,,11230,10500,서울특별시 동대문구 답십리동,서울특별시,동대문구,답십리제1동,11230,60000,서울특별시 동대문구 답십리제1동
1123061000,1123010500,서울특별시,동대문구,답십리동,,11230,10500,서울특별시 동대문구 답십리동,서울특별시,동대문구,답십리제2동,11230,61000,서울특별시 동대문구 답십리제2동
1123065000,1123010600,서울특별시,동대문구,장안동,,11230,10600,서울특별시 동대문구 장안동,서울특별시,동대문구,장안제1동,11230,65000,서울특별시 동대문구 장안제1동
1123066000,1123010600,서울특별시,동대문구,장안동,,11230,10600,서울특별시 동대문구 장안동,서울특별시,동대문구,장안제2동,11230,66000,서울특별시 동대문구 장안제2동
1123070500,1123010700,서울특별시,동대문구,청량리동,,11230,10700,서울특별시 동대문구 청량리동,서울특별시,동대문구,청량리동,11230,70500,서울특별시 동대문구 청량리동
1123071000,1123010800,서울특별시,동대문구,회기동,,11230,10800,서울특별시 동대문구 회기동,서울특별시,동대문구,회기동,11230,71000,서울특별시 동대문구 회기동
1123072000,1123010900,서울특별시,동대문구,휘경동,,11230,10900,서울특별시 동대문구 휘경동,서울특별시,동대문구,휘경제1동,11230,72000,서울특별시 동대문구 휘경제1동
1123073000,1123010900,서울특별시,동대문구,휘경동,,11230,10900,서울특별시 동대문구 휘경동,서울특별시,동대문구,휘경제2동,11230,73000,서울특별시 동대문구 휘경제2동
1123074000,1123011000,서울특별시,동대문구,이문동,,11230,11000,서울특별시 동대문구 이문동,서울특별시,동대문구,이문제1동,11230,74000,서울특별시 동대문구 이문제1동
1123075000,1123011000,서울특별시,동대문구,이문동,,11230,11000,서울특별시 동대문구 이문동,서울특별시,동대문구,이문제2동,11230,75000,서울특별시 동대문구 이문제2동
1126052000,1126010100,서울특별시,중랑구,면목동,,11260,10100,서울특별시 중랑구 면목동,서울특별시,중랑구,면목제2동,11260,52000,서울특별시 중랑구 면목제2동
1126054000,1126010100,서울특별시,중랑구,면목동,,11260,10100,서울특별시 중랑구 면목동,서울특별시,중랑구,면목제4동,11260,54000,서울특별시 중랑구 면목제4동
1126055000,1126010100,서울특별시,중랑구,면목동,,11260,10100,서울특별시 중랑구 면목동,서울특별시,중랑구,면목제5동,11260,55000,서울특별시 중랑구 면목제5동
1126056500,1126010100,서울특별시,중랑구,면목동,,11260,10100,서울특별시 중랑구 면목동,서울특별시,중랑구,면목본동,11260,56500,서울특별시 중랑구 면목본동
1126057000,1126010100,서울특별시,중랑구,면목동,,11260,10100,서울특별시 중랑구 면목동,서울특별시,중랑구,면목제7동,11260,57000,서울특별시 중랑구 면목제7동
1126057500,1126010100,서울특별시,중랑구,면목동,,11260,10100,서울특별시 중랑구 면목동,서울특별시,중랑구,면목제3.8동,11260,57500,서울특별시 중랑구 면목제3.8동
1126058000,1126010200,서울특별시,중랑구,상봉동,,11260,10200,서울특별시 중랑구 상봉동,서울특별시,중랑구,상봉제1동,11260,58000,서울특별시 중랑구 상봉제1동
1126059000,1126010200,서울특별시,중랑구,상봉동,,11260,10200,서울특별시 중랑구 상봉동,서울특별시,중랑구,상봉제2동,11260,59000,서울특별시 중랑구 상봉제2동
1126060000,1126010300,서울특별시,중랑구,중화동,,11260,10300,서울특별시 중랑구 중화동,서울특별시,중랑구,중화제1동,11260,60000,서울특별시 중랑구 중화제1동
1126061000,1126010300,서울특별시,중랑구,중화동,,11260,10300,서울특별시 중랑구 중화동,서울특별시,중랑구,중화제2동,11260,61000,서울특별시 중랑구 중화제2동
1126062000,1126010400,서울특별시,중랑구,묵동,,11260,10400,서울특별시 중랑구 묵동,서울특별시,중랑구,묵제1동,11260,62000,서울특별시 중랑구 묵제1동
1126063000,1126010400,서울특별시,중랑구,묵동,,11260,10400,서울특별시 중랑구 묵동,서울특별시,중랑구,묵제2동,11260,63000,서울특별시 중랑구 묵제2동
1126065500,1126010500,서울특별시,중랑구,망우동,,11260,10500,서울특별시 중랑구 망우동,서울특별시,중랑구,망우본동,11260,65500,서울특별시 중랑구 망우본동
1126066000,1126010500,서울특별시,중랑구,망우동,,11260,10500,서울특별시 중랑구 망우동,서울특별시,중랑구,망우제3동,11260,66000,서울특별시 중랑구 망우제3동
1126068000,1126010600,서울특별시,중랑구,신내동,,11260,10600,서울특별시 중랑구 신내동,서울특별시,중랑구,신내1동,11260,68000,서울특별시 중랑구 신내1동
1126069000,1126010600,서울특별시,중랑구,신내동,,11260,10600,서울특별시 중랑구 신내동,서울특별시,중랑구,신내2동,11260,69000,서울특별시 중랑구 신내2동
1129052500,1129010100,서울특별시,성북구,성북동,,11290,10100,서울특별시 성북구 성북동,서울특별시,성북구,성북동,11290,52500,서울특별시 성북구 성북동
1129052500,1129010200,서울특별시,성북구,성북동1가,,11290,10200,서울특별시 성북구 성북동1가,서울특별시,성북구,성북동,11290,52500,서울특별시 성북구 성북동
1129052500,1129010400,서울특별시,성북구,동소문동1가,,11290,10400,서울특별시 성북구 동소문동1가,서울특별시,성북구,성북동,11290,52500,서울특별시 성북구 성북동
1129052500,1129010700,서울특별시,성북구,동소문동4가,,11290,10700,서울특별시 성북구 동소문동4가,서울특별시,성북구,성북동,11290,52500,서울특별시 성북구 성북동
1129055500,1129010300,서울특별시,성북구,돈암동,,11290,10300,서울특별시 성북구 돈암동,서울특별시,성북구,삼선동,11290,55500,서울특별시 성북구 삼선동
1129055500,1129010500,서울특별시,성북구,동소문동2가,,11290,10500,서울특별시 성북구 동소문동2가,서울특별시,성북구,삼선동,11290,55500,서울특별시 성북구 삼선동
1129055500,1129010600,서울특별시,성북구,동소문동3가,,11290,10600,서울특별시 성북구 동소문동3가,서울특별시,성북구,삼선동,11290,55500,서울특별시 성북구 삼선동
1129055500,1129010800,서울특별시,성북구,동소문동5가,,11290,10800,서울특별시 성북구 동소문동5가,서울특별시,성북구,삼선동,11290,55500,서울특별시 성북구 삼선동
1129055500,1129011100,서울특별시,성북구,삼선동1가,,11290,11100,서울특별시 성북구 삼선동1가,서울특별시,성북구,삼선동,11290,55500,서울특별시 성북구 삼선동
1129055500,1129011200,서울특별시,성북구,삼선동2가,,11290,11200,서울특별시 성북구 삼선동2가,서울특별시,성북구,삼선동,11290,55500,서울특별시 성북구 삼선동
1129055500,1129011300,서울특별시,성북구,삼선동3가,,11290,11300,서울특별시 성북구 삼선동3가,서울특별시,성북구,삼선동,11290,55500,서울특별시 성북구 삼선동
1129055500,1129011400,서울특별시,성북구,삼선동4가,,11290,11400,서울특별시 성북구 삼선동4가,서울특별시,성북구,삼선동,11290,55500,서울특별시 성북구 삼선동
1129055500,1129011500,서울특별시,성북구,삼선동5가,,11290,11500,서울특별시 성북구 삼선동5가,서울특별시,성북구,삼선동,11290,55500,서울특별시 성북구 삼선동
1129057500,1129010300,서울특별시,성북구,돈암동,,11290,10300,서울특별시 성북구 돈암동,서울특별시,성북구,동선동,11290,57500,서울특별시 성북구 동선동
1129057500,1129010900,서울특별시,성북구,동소문동6가,,11290,10900,서울특별시 성북구 동소문동6가,서울특별시,성북구,동선동,11290,57500,서울특별시 성북구 동선동
1129057500,1129011000,서울특별시,성북구,동소문동7가,,11290,11000,서울특별시 성북구 동소문동7가,서울특별시,성북구,동선동,11290,57500,서울특별시 성북구 동선동
1129057500,1129011600,서울특별시,성북구,동선동1가,,11290,11600,서울특별시 성북구 동선동1가,서울특별시,성북구,동선동,11290,57500,서울특별시 성북구 동선동
1129057500,1129011700,서울특별시,성북구,동선동2가,,11290,11700,서울특별시 성북구 동선동2가,서울특별시,성북구,동선동,11290,57500,서울특별시 성북구 동선동
1129057500,1129011800,서울특별시,성북구,동선동3가,,11290,11800,서울특별시 성북구 동선동3가,서울특별시,성북구,동선동,11290,57500,서울특별시 성북구 동선동
1129057500,1129011900,서울특별시,성북구,동선동4가,,11290,11900,서울특별시 성북구 동선동4가,서울특별시,성북구,동선동,11290,57500,서울특별시 성북구 동선동
1129057500,1129012000,서울특별시,성북구,동선동5가,,11290,12000,서울특별시 성북구 동선동5가,서울특별시,성북구,동선동,11290,57500,서울특별시 성북구 동선동
1129058000,1129010300,서울특별시,성북구,돈암동,,11290,10300,서울특별시 성북구 돈암동,서울특별시,성북구,돈암제1동,11290,58000,서울특별시 성북구 돈암제1동
1129059000,1129010300,서울특별시,성북구,돈암동,,11290,10300,서울특별시 성북구 돈암동,서울특별시,성북구,돈암제2동,11290,59000,서울특별시 성북구 돈암제2동
1129060000,1129012100,서울특별시,성북구,안암동1가,,11290,12100,서울특별시 성북구 안암동1가,서울특별시,성북구,안암동,11290,60000,서울특별시 성북구 안암동
1129060000,1129012200,서울특별시,성북구,안암동2가,,11290,12200,서울특별시 성북구 안암동2가,서울특별시,성북구,안암동,11290,60000,서울특별시 성북구 안암동
1129060000,1129012300,서울특별시,성북구,안암동3가,,11290,12300,서울특별시 성북구 안암동3가,서울특별시,성북구,안암동,11290,60000,서울특별시 성북구 안암동
1129060000,1129012400,서울특별시,성북구,안암동4가,,11290,12400,서울특별시 성북구 안암동4가,서울특별시,성북구,안암동,11290,60000,서울특별시 성북구 안암동
1129060000,1129012500,서울특별시,성북구,안암동5가,,11290,12500,서울특별시 성북구 안암동5가,서울특별시,성북구,안암동,11290,60000,서울특별시 성북구 안암동
1129061000,1129012600,서울특별시,성북구,보문동4가,,11290,12600,서울특별시 성북구 보문동4가,서울특별시,성북구,보문동,11290,61000,서울특별시 성북구 보문동
1129061000,1129012700,서울특별시,성북구,보문동5가,,11290,12700,서울특별시 성북구 보문동5가,서울특별시,성북구,보문동,11290,61000,서울특별시 성북구 보문동
1129061000,1129012800,서울특별시,성북구,보문동6가,,11290,12800,서울특별시 성북구 보문동6가,서울특별시,성북구,보문동,11290,61000,서울특별시 성북구 보문동
1129061000,1129012900,서울특별시,성북구,보문동7가,,11290,12900,서울특별시 성북구 보문동7가,서울특별시,성북구,보문동,11290,61000,서울특별시 성북구 보문동
1129061000,1129013000,서울특별시,성북구,보문동1가,,11290,13000,서울특별시 성북구 보문동1가,서울특별시,성북구,보문동,11290,61000,서울특별시 성북구 보문동
1129061000,1129013100,서울특별시,성북구,보문동2가,,11290,13100,서울특별시 성북구 보문동2가,서울특별시,성북구,보문동,11290,61000,서울특별시 성북구 보문동
1129061000,1129013200,서울특별시,성북구,보문동3가,,11290,13200,서울특별시 성북구 보문동3가,서울특별시,성북구,보문동,11290,61000,서울특별시 성북구 보문동
1129062000,1129010300,서울특별시,성북구,돈암동,,11290,10300,서울특별시 성북구 돈암동,서울특별시,성북구,정릉제1동,11290,62000,서울특별시 성북구 정릉제1동
1129062000,1129013300,서울특별시,성북구,정릉동,,11290,13300,서울특별시 성북구 정릉동,서울특별시,성북구,정릉제1동,11290,62000,서울특별시 성북구 정릉제1동
1129062000,1129013400,서울특별시,성북구,길음동,,11290,13400,서울특별시 성북구 길음동,서울특별시,성북구,정릉제1동,11290,62000,서울특별시 성북구 정릉제1동
1129063000,1129010300,서울특별시,성북구,돈암동,,11290,10300,서울특별시 성북구 돈암동,서울특별시,성북구,정릉제2동,11290,63000,서울특별시 성북구 정릉제2동
1129063000,1129013300,서울특별시,성북구,정릉동,,11290,13300,서울특별시 성북구 정릉동,서울특별시,성북구,정릉제2동,11290,63000,서울특별시 성북구 정릉제2동
1129064000,1129013300,서울특별시,성북구,정릉동,,11290,13300,서울특별시 성북구 정릉동,서울특별시,성북구,정릉제3동,11290,64000,서울특별시 성북구 정릉제3동
1129065000,1129013300,서울특별시,성북구,정릉동,,11290,13300,서울특별시 성북구 정릉동,서울특별시,성북구,정릉제4동,11290,65000,서울특별시 성북구 정릉제4동
1129066000,1129013400,서울특별시,성북구,길음동,,11290,13400,서울특별시 성북구 길음동,서울특별시,성북구,길음제1동,11290,66000,서울특별시 성북구 길음제1동
1129068500,1129013400,서울특별시,성북구,길음동,,11290,13400,서울특별시 성북구 길음동,서울특별시,성북구,길음제2동,11290,68500,서울특별시 성북구 길음제2동
1129068500,1129013600,서울특별시,성북구,하월곡동,,11290,13600,서울특별시 성북구 하월곡동,서울특별시,성북구,길음제2동,11290,68500,서울특별시 성북구 길음제2동
1129070500,1129013500,서울특별시,성북구,종암동,,11290,13500,서울특별시 성북구 종암동,서울특별시,성북구,종암동,11290,70500,서울특별시 성북구 종암동
1129071500,1129013600,서울특별시,성북구,하월곡동,,11290,13600,서울특별시 성북구 하월곡동,서울특별시,성북구,월곡제1동,11290,71500,서울특별시 성북구 월곡제1동
1129072500,1129013600,서울특별시,성북구,하월곡동,,11290,13600,서울특별시 성북구 하월곡동,서울특별시,성북구,월곡제2동,11290,72500,서울특별시 성북구 월곡제2동
1129072500,1129013700,서울특별시,성북구,상월곡동,,11290,13700,서울특별시 성북구 상월곡동,서울특별시,성북구,월곡제2동,11290,72500,서울특별시 성북구 월곡제2동
1129076000,1129013800,서울특별시,성북구,장위동,,11290,13800,서울특별시 성북구 장위동,서울특별시,성북구,장위제1동,11290,76000,서울특별시 성북구 장위제1동
1129077000,1129013800,서울특별시,성북구,장위동,,11290,13800,서울특별시 성북구 장위동,서울특별시,성북구,장위제2동,11290,77000,서울특별시 성북구 장위제2동
1129078000,1129013800,서울특별시,성북구,장위동,,11290,13800,서울특별시 성북구 장위동,서울특별시,성북구,장위제3동,11290,78000,서울특별시 성북구 장위제3동
1129081000,1129013900,서울특별시,성북구,석관동,,11290,13900,서울특별시 성북구 석관동,서울특별시,성북구,석관동,11290,81000,서울특별시 성북구 석관동
1130553400,1130510100,서울특별시,강북구,미아동,,11305,10100,서울특별시 강북구 미아동,서울특별시,강북구,삼양동,11305,53400,서울특별시 강북구 삼양동
1130553500,1130510100,서울특별시,강북구,미아동,,11305,10100,서울특별시 강북구 미아동,서울특별시,강북구,미아동,11305,53500,서울특별시 강북구 미아동
1130554500,1130510100,서울특별시,강북구,미아동,,11305,10100,서울특별시 강북구 미아동,서울특별시,강북구,송중동,11305,54500,서울특별시 강북구 송중동
1130555500,1130510100,서울특별시,강북구,미아동,,11305,10100,서울특별시 강북구 미아동,서울특별시,강북구,송천동,11305,55500,서울특별시 강북구 송천동
1130557500,1130510100,서울특별시,강북구,미아동,,11305,10100,서울특별시 강북구 미아동,서울특별시,강북구,삼각산동,11305,57500,서울특별시 강북구 삼각산동
1130559500,1130510200,서울특별시,강북구,번동,,11305,10200,서울특별시 강북구 번동,서울특별시,강북구,번1동,11305,59500,서울특별시 강북구 번1동
1130560300,1130510200,서울특별시,강북구,번동,,11305,10200,서울특별시 강북구 번동,서울특별시,강북구,번2동,11305,60300,서울특별시 강북구 번2동
1130560800,1130510200,서울특별시,강북구,번동,,11305,10200,서울특별시 강북구 번동,서울특별시,강북구,번3동,11305,60800,서울특별시 강북구 번3동
1130561500,1130510300,서울특별시,강북구,수유동,,11305,10300,서울특별시 강북구 수유동,서울특별시,강북구,수유1동,11305,61500,서울특별시 강북구 수유1동
1130562500,1130510300,서울특별시,강북구,수유동,,11305,10300,서울특별시 강북구 수유동,서울특별시,강북구,수유2동,11305,62500,서울특별시 강북구 수유2동
1130563500,1130510300,서울특별시,강북구,수유동,,11305,10300,서울특별시 강북구 수유동,서울특별시,강북구,수유3동,11305,63500,서울특별시 강북구 수유3동
1130564500,1130510300,서울특별시,강북구,수유동,,11305,10300,서울특별시 강북구 수유동,서울특별시,강북구,우이동,11305,64500,서울특별시 강북구 우이동
1130564500,1130510400,서울특별시,강북구,우이동,,11305,10400,서울특별시 강북구 우이동,서울특별시,강북구,우이동,11305,64500,서울특별시 강북구 우이동
1130566000,1130510300,서울특별시,강북구,수유동,,11305,10300,서울특별시 강북구 수유동,서울특별시,강북구,인수동,11305,66000,서울특별시 강북구 인수동
1132051100,1132010700,서울특별시,도봉구,창동,,11320,10700,서울특별시 도봉구 창동,서울특별시,도봉구,창제1동,11320,51100,서울특별시 도봉구 창제1동
1132051200,1132010700,서울특별시,도봉구,창동,,11320,10700,서울특별시 도봉구 창동,서울특별시,도봉구,창제2동,11320,51200,서울특별시 도봉구 창제2동
1132051300,1132010700,서울특별시,도봉구,창동,,11320,10700,서울특별시 도봉구 창동,서울특별시,도봉구,창제3동,11320,51300,서울특별시 도봉구 창제3동
1132051400,1132010700,서울특별시,도봉구,창동,,11320,10700,서울특별시 도봉구 창동,서울특별시,도봉구,창제4동,11320,51400,서울특별시 도봉구 창제4동
1132051500,1132010700,서울특별시,도봉구,창동,,11320,10700,서울특별시 도봉구 창동,서울특별시,도봉구,창제5동,11320,51500,서울특별시 도봉구 창제5동
1132052100,1132010800,서울특별시,도봉구,도봉동,,11320,10800,서울특별시 도봉구 도봉동,서울특별시,도봉구,도봉제1동,11320,52100,서울특별시 도봉구 도봉제1동
1132052200,1132010800,서울특별시,도봉구,도봉동,,11320,10800,서울특별시 도봉구 도봉동,서울특별시,도봉구,도봉제2동,11320,52200,서울특별시 도봉구 도봉제2동
1132066000,1132010500,서울특별시,도봉구,쌍문동,,11320,10500,서울특별시 도봉구 쌍문동,서울특별시,도봉구,쌍문제1동,11320,66000,서울특별시 도봉구 쌍문제1동
1132067000,1132010500,서울특별시,도봉구,쌍문동,,11320,10500,서울특별시 도봉구 쌍문동,서울특별시,도봉구,쌍문제2동,11320,67000,서울특별시 도봉구 쌍문제2동
1132068000,1132010500,서울특별시,도봉구,쌍문동,,11320,10500,서울특별시 도봉구 쌍문동,서울특별시,도봉구,쌍문제3동,11320,68000,서울특별시 도봉구 쌍문제3동
1132068100,1132010500,서울특별시,도봉구,쌍문동,,11320,10500,서울특별시 도봉구 쌍문동,서울특별시,도봉구,쌍문제4동,11320,68100,서울특별시 도봉구 쌍문제4동
1132069000,1132010600,서울특별시,도봉구,방학동,,11320,10600,서울특별시 도봉구 방학동,서울특별시,도봉구,방학제1동,11320,69000,서울특별시 도봉구 방학제1동
1132070000,1132010600,서울특별시,도봉구,방학동,,11320,10600,서울특별시 도봉구 방학동,서울특별시,도봉구,방학제2동,11320,70000,서울특별시 도봉구 방학제2동
1132071000,1132010600,서울특별시,도봉구,방학동,,11320,10600,서울특별시 도봉구 방학동,서울특별시,도봉구,방학제3동,11320,71000,서울특별시 도봉구 방학제3동
1135056000,1135010200,서울특별시,노원구,월계동,,11350,10200,서울특별시 노원구 월계동,서울특별시,노원구,월계1동,11350,56000,서울특별시 노원구 월계1동
1135057000,1135010200,서울특별시,노원구,월계동,,11350,10200,서울특별시 노원구 월계동,서울특별시,노원구,월계2동,11350,57000,서울특별시 노원구 월계2동
1135058000,1135010200,서울특별시,노원구,월계동,,11350,10200,서울특별시 노원구 월계동,서울특별시,노원구,월계3동,11350,58000,서울특별시 노원구 월계3동
1135059500,1135010300,서울특별시,노원구,공릉동,,11350,10300,서울특별시 노원구 공릉동,서울특별시,노원구,공릉1동,11350,59500,서울특별시 노원구 공릉1동
1135060000,1135010300,서울특별시,노원구,공릉동,,11350,10300,서울특별시 노원구 공릉동,서울특별시,노원구,공릉2동,11350,60000,서울특별시 노원구 공릉2동
1135061100,1135010400,서울특별시,노원구,하계동,,11350,10400,서울특별시 노원구 하계동,서울특별시,노원구,하계1동,11350,61100,서울특별시 노원구 하계1동
1135061200,1135010400,서울특별시,노원구,하계동,,11350,10400,서울특별시 노원구 하계동,서울특별시,노원구,하계2동,11350,61200,서울특별시 노원구 하계2동
1135061900,1135010600,서울특별시,노원구,중계동,,11350,10600,서울특별시 노원구 중계동,서울특별시,노원구,중계본동,11350,61900,서울특별시 노원구 중계본동
1135062100,1135010600,서울특별시,노원구,중계동,,11350,10600,서울특별시 노원구 중계동,서울특별시,노원구,중계1동,11350,62100,서울특별시 노원구 중계1동
1135062400,1135010500,서울특별시,노원구,상계동,,11350,10500,서울특별시 노원구 상계동,서울특별시,노원구,중계4동,11350,62400,서울특별시 노원구 중계4동
1135062400,1135010600,서울특별시,노원구,중계동,,11350,10600,서울특별시 노원구 중계동,서울특별시,노원구,중계4동,11350,62400,서울특별시 노원구 중계4동
1135062500,1135010600,서울특별시,노원구,중계동,,11350,10600,서울특별시 노원구 중계동,서울특별시,노원구,중계2.3동,11350,62500,서울특별시 노원구 중계2.3동
1135063000,1135010500,서울특별시,노원구,상계동,,11350,10500,서울특별시 노원구 상계동,서울특별시,노원구,상계1동,11350,63000,서울특별시 노원구 상계1동
1135064000,1135010500,서울특별시,노원구,상계동,,11350,10500,서울특별시 노원구 상계동,서울특별시,노원구,상계2동,11350,64000,서울특별시 노원구 상계2동
1135066500,1135010500,서울특별시,노원구,상계동,,11350,10500,서울특별시 노원구 상계동,서울특별시,노원구,상계3.4동,11350,66500,서울특별시 노원구 상계3.4동
1135067000,1135010500,서울특별시,노원구,상계동,,11350,10500,서울특별시 노원구 상계동,서울특별시,노원구,상계5동,11350,67000,서울특별시 노원구 상계5동
1135069500,1135010500,서울특별시,노원구,상계동,,11350,10500,서울특별시 노원구 상계동,서울특별시,노원구,상계6.7동,11350,69500,서울특별시 노원구 상계6.7동
1135070000,1135010500,서울특별시,노원구,상계동,,11350,10500,서울특별시 노원구 상계동,서울특별시,노원구,상계8동,11350,70000,서울특별시 노원구 상계8동
1135071000,1135010500,서울특별시,노원구,상계동,,11350,10500,서울특별시 노원구 상계동,서울특별시,노원구,상계9동,11350,71000,서울특별시 노원구 상계9동
1135072000,1135010500,서울특별시,노원구,상계동,,11350,10500,서울특별시 노원구 상계동,서울특별시,노원구,상계10동,11350,72000,서울특별시 노원구 상계10동
1138051000,1138010200,서울특별시,은평구,녹번동,,11380,10200,서울특별시 은평구 녹번동,서울특별시,은평구,녹번동,11380,51000,서울특별시 은평구 녹번동
1138052000,1138010300,서울특별시,은평구,불광동,,11380,10300,서울특별시 은평구 불광동,서울특별시,은평구,불광제1동,11380,52000,서울특별시 은평구 불광제1동
1138053000,1138010300,서울특별시,은평구,불광동,,11380,10300,서울특별시 은평구 불광동,서울특별시,은평구,불광제2동,11380,53000,서울특별시 은평구 불광제2동
1138055100,1138010400,서울특별시,은평구,갈현동,,11380,10400,서울특별시 은평구 갈현동,서울특별시,은평구,갈현제1동,11380,55100,서울특별시 은평구 갈현제1동
1138055200,1138010400,서울특별시,은평구,갈현동,,11380,10400,서울특별시 은평구 갈현동,서울특별시,은평구,갈현제2동,11380,55200,서울특별시 은평구 갈현제2동
1138056000,1138010500,서울특별시,은평구,구산동,,11380,10500,서울특별시 은평구 구산동,서울특별시,은평구,구산동,11380,56000,서울특별시 은평구 구산동
1138057000,1138010600,서울특별시,은평구,대조동,,11380,10600,서울특별시 은평구 대조동,서울특별시,은평구,대조동,11380,57000,서울특별시 은평구 대조동
1138058000,1138010700,서울특별시,은평구,응암동,,11380,10700,서울특별시 은평구 응암동,서울특별시,은평구,응암제1동,11380,58000,서울특별시 은평구 응암제1동
1138059000,1138010700,서울특별시,은평구,응암동,,11380,10700,서울특별시 은평구 응암동,서울특별시,은평구,응암제2동,11380,59000,서울특별시 은평구 응암제2동
1138060000,1138010700,서울특별시,은평구,응암동,,11380,10700,서울특별시 은평구 응암동,서울특별시,은평구,응암제3동,11380,60000,서울특별시 은평구 응암제3동
1138062500,1138010800,서울특별시,은평구,역촌동,,11380,10800,서울특별시 은평구 역촌동,서울특별시,은평구,역촌동,11380,62500,서울특별시 은평구 역촌동
1138063100,1138010900,서울특별시,은평구,신사동,,11380,10900,서울특별시 은평구 신사동,서울특별시,은평구,신사제1동,11380,63100,서울특별시 은평구 신사제1동
1138063200,1138010900,서울특별시,은평구,신사동,,11380,10900,서울특별시 은평구 신사동,서울특별시,은평구,신사제2동,11380,63200,서울특별시 은평구 신사제2동
1138064000,1138011000,서울특별시,은평구,증산동,,11380,11000,서울특별시 은평구 증산동,서울특별시,은평구,증산동,11380,64000,서울특별시 은평구 증산동
1138065000,1138010100,서울특별시,은평구,수색동,,11380,10100,서울특별시 은평구 수색동,서울특별시,은평구,수색동,11380,65000,서울특별시 은평구 수색동
1138069000,1138011400,서울특별시,은평구,진관동,,11380,11400,서울특별시 은평구 진관동,서울특별시,은평구,진관동,11380,69000,서울특별시 은평구 진관동
1141052000,1141010500,서울특별시,서대문구,냉천동,,11410,10500,서울특별시 서대문구 냉천동,서울특별시,서대문구,천연동,11410,52000,서울특별시 서대문구 천연동
1141052000,1141010600,서울특별시,서대문구,천연동,,11410,10600,서울특별시 서대문구 천연동,서울특별시,서대문구,천연동,11410,52000,서울특별시 서대문구 천연동
1141052000,1141010700,서울특별시,서대문구,옥천동,,11410,10700,서울특별시 서대문구 옥천동,서울특별시,서대문구,천연동,11410,52000,서울특별시 서대문구 천연동
1141052000,1141010800,서울특별시,서대문구,영천동,,11410,10800,서울특별시 서대문구 영천동,서울특별시,서대문구,천연동,11410,52000,서울특별시 서대문구 천연동
1141052000,1141010900,서울특별시,서대문구,현저동,,11410,10900,서울특별시 서대문구 현저동,서울특별시,서대문구,천연동,11410,52000,서울특별시 서대문구 천연동
1141055500,1141011000,서울특별시,서대문구,북아현동,,11410,11000,서울특별시 서대문구 북아현동,서울특별시,서대문구,북아현동,11410,55500,서울특별시 서대문구 북아현동
1141055500,1141011200,서울특별시,서대문구,대현동,,11410,11200,서울특별시 서대문구 대현동,서울특별시,서대문구,북아현동,11410,55500,서울특별시 서대문구 북아현동
1141056500,1141010100,서울특별시,서대문구,충정로2가,,11410,10100,서울특별시 서대문구 충정로2가,서울특별시,서대문구,충현동,11410,56500,서울특별시 서대문구 충현동
1141056500,1141010200,서울특별시,서대문구,충정로3가,,11410,10200,서울특별시 서대문구 충정로3가,서울특별시,서대문구,충현동,11410,56500,서울특별시 서대문구 충현동
1141056500,1141010300,서울특별시,서대문구,합동,,11410,10300,서울특별시 서대문구 합동,서울특별시,서대문구,충현동,11410,56500,서울특별시 서대문구 충현동
1141056500,1141010400,서울특별시,서대문구,미근동,,11410,10400,서울특별시 서대문구 미근동,서울특별시,서대문구,충현동,11410,56500,서울특별시 서대문구 충현동
1141056500,1141011000,서울특별시,서대문구,북아현동,,11410,11000,서울특별시 서대문구 북아현동,서울특별시,서대문구,충현동,11410,56500,서울특별시 서대문구 충현동
1141058500,1141011200,서울특별시,서대문구,대현동,,11410,11200,서울특별시 서대문구 대현동,서울특별시,서대문구,신촌동,11410,58500,서울특별시 서대문구 신촌동
1141058500,1141011300,서울특별시,서대문구,대신동,,11410,11300,서울특별시 서대문구 대신동,서울특별시,서대문구,신촌동,11410,58500,서울특별시 서대문구 신촌동
1141058500,1141011400,서울특별시,서대문구,신촌동,,11410,11400,서울특별시 서대문구 신촌동,서울특별시,서대문구,신촌동,11410,58500,서울특별시 서대문구 신촌동
1141058500,1141011500,서울특별시,서대문구,봉원동,,11410,11500,서울특별시 서대문구 봉원동,서울특별시,서대문구,신촌동,11410,58500,서울특별시 서대문구 신촌동
1141058500,1141011600,서울특별시,서대문구,창천동,,11410,11600,서울특별시 서대문구 창천동,서울특별시,서대문구,신촌동,11410,58500,서울특별시 서대문구 신촌동
1141061500,1141011700,서울특별시,서대문구,연희동,,11410,11700,서울특별시 서대문구 연희동,서울특별시,서대문구,연희동,11410,61500,서울특별시 서대문구 연희동
1141062000,1141011100,서울특별시,서대문구,홍제동,,11410,11100,서울특별시 서대문구 홍제동,서울특별시,서대문구,홍제제1동,11410,62000,서울특별시 서대문구 홍제제1동
1141064000,1141011100,서울특별시,서대문구,홍제동,,11410,11100,서울특별시 서대문구 홍제동,서울특별시,서대문구,홍제제3동,11410,64000,서울특별시 서대문구 홍제제3동
1141065500,1141011100,서울특별시,서대문구,홍제동,,11410,11100,서울특별시 서대문구 홍제동,서울특별시,서대문구,홍제제2동,11410,65500,서울특별시 서대문구 홍제제2동
1141066000,1141011800,서울특별시,서대문구,홍은동,,11410,11800,서울특별시 서대문구 홍은동,서울특별시,서대문구,홍은제1동,11410,66000,서울특별시 서대문구 홍은제1동
1141068500,1141011800,서울특별시,서대문구,홍은동,,11410,11800,서울특별시 서대문구 홍은동,서울특별시,서대문구,홍은제2동,11410,68500,서울특별시 서대문구 홍은제2동
1141069000,1141012000,서울특별시,서대문구,남가좌동,,11410,12000,서울특별시 서대문구 남가좌동,서울특별시,서대문구,남가좌제1동,11410,69000,서울특별시 서대문구 남가좌제1동
1141070000,1141012000,서울특별시,서대문구,남가좌동,,11410,12000,서울특별시 서대문구 남가좌동,서울특별시,서대문구,남가좌제2동,11410,70000,서울특별시 서대문구 남가좌제2동
1141071000,1141011900,서울특별시,서대문구,북가좌동,,11410,11900,서울특별시 서대문구 북가좌동,서울특별시,서대문구,북가좌제1동,11410,71000,서울특별시 서대문구 북가좌제1동
1141072000,1141011900,서울특별시,서대문구,북가좌동,,11410,11900,서울특별시 서대문구 북가좌동,서울특별시,서대문구,북가좌제2동,11410,72000,서울특별시 서대문구 북가좌제2동
1144055500,1144010100,서울특별시,마포구,아현동,,11440,10100,서울특별시 마포구 아현동,서울특별시,마포구,아현동,11440,55500,서울특별시 마포구 아현동
1144055500,1144010200,서울특별시,마포구,공덕동,,11440,10200,서울특별시 마포구 공덕동,서울특별시,마포구,아현동,11440,55500,서울특별시 마포구 아현동
1144055500,1144010900,서울특별시,마포구,염리동,,11440,10900,서울특별시 마포구 염리동,서울특별시,마포구,아현동,11440,55500,서울특별시 마포구 아현동
1144056500,1144010100,서울특별시,마포구,아현동,,11440,10100,서울특별시 마포구 아현동,서울특별시,마포구,공덕동,11440,56500,서울특별시 마포구 공덕동
1144056500,1144010200,서울특별시,마포구,공덕동,,11440,10200,서울특별시 마포구 공덕동,서울특별시,마포구,공덕동,11440,56500,서울특별시 마포구 공덕동
1144056500,1144010300,서울특별시,마포구,신공덕동,,11440,10300,서울특별시 마포구 신공덕동,서울특별시,마포구,공덕동,11440,56500,서울특별시 마포구 공덕동
1144056500,1144010400,서울특별시,마포구,도화동,,11440,10400,서울특별시 마포구 도화동,서울특별시,마포구,공덕동,11440,56500,서울특별시 마포구 공덕동
1144058500,1144010400,서울특별시,마포구,도화동,,11440,10400,서울특별시 마포구 도화동,서울특별시,마포구,도화동,11440,58500,서울특별시 마포구 도화동
1144058500,1144010700,서울특별시,마포구,마포동,,11440,10700,서울특별시 마포구 마포동,서울특별시,마포구,도화동,11440,58500,서울특별시 마포구 도화동
1144059000,1144010400,서울특별시,마포구,도화동,,11440,10400,서울특별시 마포구 도화동,서울특별시,마포구,용강동,11440,59000,서울특별시 마포구 용강동
1144059000,1144010500,서울특별시,마포구,용강동,,11440,10500,서울특별시 마포구 용강동,서울특별시,마포구,용강동,11440,59000,서울특별시 마포구 용강동
1144059000,1144010600,서울특별시,마포구,토정동,,11440,10600,서울특별시 마포구 토정동,서울특별시,마포구,용강동,11440,59000,서울특별시 마포구 용강동
1144059000,1144010700,서울특별시,마포구,마포동,,11440,10700,서울특별시 마포구 마포동,서울특별시,마포구,용강동,11440,59000,서울특별시 마포구 용강동
1144059000,1144010800,서울특별시,마포구,대흥동,,11440,10800,서울특별시 마포구 대흥동,서울특별시,마포구,용강동,11440,59000,서울특별시 마포구 용강동
1144059000,1144010900,서울특별시,마포구,염리동,,11440,10900,서울특별시 마포구 염리동,서울특별시,마포구,용강동,11440,59000,서울특별시 마포구 용강동
1144060000,1144010800,서울특별시,마포구,대흥동,,11440,10800,서울특별시 마포구 대흥동,서울특별시,마포구,대흥동,11440,60000,서울특별시 마포구 대흥동
1144060000,1144011000,서울특별시,마포구,노고산동,,11440,11000,서울특별시 마포구 노고산동,서울특별시,마포구,대흥동,11440,60000,서울특별시 마포구 대흥동
1144060000,1144011100,서울특별시,마포구,신수동,,11440,11100,서울특별시 마포구 신수동,서울특별시,마포구,대흥동,11440,60000,서울특별시 마포구 대흥동
1144061000,1144010200,서울특별시,마포구,공덕동,,11440,10200,서울특별시 마포구 공덕동,서울특별시,마포구,염리동,11440,61000,서울특별시 마포구 염리동
1144061000,1144010900,서울특별시,마포구,염리동,,11440,10900,서울특별시 마포구 염리동,서울특별시,마포구,염리동,11440,61000,서울특별시 마포구 염리동
1144063000,1144010800,서울특별시,마포구,대흥동,,11440,10800,서울특별시 마포구 대흥동,서울특별시,마포구,신수동,11440,63000,서울특별시 마포구 신수동
1144063000,1144011100,서울특별시,마포구,신수동,,11440,11100,서울특별시 마포구 신수동,서울특별시,마포구,신수동,11440,63000,서울특별시 마포구 신수동
1144063000,1144011200,서울특별시,마포구,현석동,,11440,11200,서울특별시 마포구 현석동,서울특별시,마포구,신수동,11440,63000,서울특별시 마포구 신수동
1144063000,1144011300,서울특별시,마포구,구수동,,11440,11300,서울특별시 마포구 구수동,서울특별시,마포구,신수동,11440,63000,서울특별시 마포구 신수동
1144063000,1144011700,서울특별시,마포구,신정동,,11440,11700,서울특별시 마포구 신정동,서울특별시,마포구,신수동,11440,63000,서울특별시 마포구 신수동
1144065500,1144011400,서울특별시,마포구,창전동,,11440,11400,서울특별시 마포구 창전동,서울특별시,마포구,서강동,11440,65500,서울특별시 마포구 서강동
1144065500,1144011500,서울특별시,마포구,상수동,,11440,11500,서울특별시 마포구 상수동,서울특별시,마포구,서강동,11440,65500,서울특별시 마포구 서강동
1144065500,1144011600,서울특별시,마포구,하중동,,11440,11600,서울특별시 마포구 하중동,서울특별시,마포구,서강동,11440,65500,서울특별시 마포구 서강동
1144065500,1144011700,서울특별시,마포구,신정동,,11440,11700,서울특별시 마포구 신정동,서울특별시,마포구,서강동,11440,65500,서울특별시 마포구 서강동
1144065500,1144011800,서울특별시,마포구,당인동,,11440,11800,서울특별시 마포구 당인동,서울특별시,마포구,서강동,11440,65500,서울특별시 마포구 서강동
1144066000,1144011000,서울특별시,마포구,노고산동,,11440,11000,서울특별시 마포구 노고산동,서울특별시,마포구,서교동,11440,66000,서울특별시 마포구 서교동
1144066000,1144012000,서울특별시,마포구,서교동,,11440,12000,서울특별시 마포구 서교동,서울특별시,마포구,서교동,11440,66000,서울특별시 마포구 서교동
1144066000,1144012100,서울특별시,마포구,동교동,,11440,12100,서울특별시 마포구 동교동,서울특별시,마포구,서교동,11440,66000,서울특별시 마포구 서교동
1144068000,1144012200,서울특별시,마포구,합정동,,11440,12200,서울특별시 마포구 합정동,서울특별시,마포구,합정동,11440,68000,서울특별시 마포구 합정동
1144069000,1144012300,서울특별시,마포구,망원동,,11440,12300,서울특별시 마포구 망원동,서울특별시,마포구,망원제1동,11440,69000,서울특별시 마포구 망원제1동
1144070000,1144012300,서울특별시,마포구,망원동,,11440,12300,서울특별시 마포구 망원동,서울특별시,마포구,망원제2동,11440,70000,서울특별시 마포구 망원제2동
1144071000,1144012400,서울특별시,마포구,연남동,,11440,12400,서울특별시 마포구 연남동,서울특별시,마포구,연남동,11440,71000,서울특별시 마포구 연남동
1144072000,1144012500,서울특별시,마포구,성산동,,11440,12500,서울특별시 마포구 성산동,서울특별시,마포구,성산제1동,11440,72000,서울특별시 마포구 성산제1동
1144073000,1144012500,서울특별시,마포구,성산동,,11440,12500,서울특별시 마포구 성산동,서울특별시,마포구,성산제2동,11440,73000,서울특별시 마포구 성산제2동
1144073000,1144012600,서울특별시,마포구,중동,,11440,12600,서울특별시 마포구 중동,서울특별시,마포구,성산제2동,11440,73000,서울특별시 마포구 성산제2동
1144074000,1144012700,서울특별시,마포구,상암동,,11440,12700,서울특별시 마포구 상암동,서울특별시,마포구,상암동,11440,74000,서울특별시 마포구 상암동
1147051000,1147010200,서울특별시,양천구,목동,,11470,10200,서울특별시 양천구 목동,서울특별시,양천구,목1동,11470,51000,서울특별시 양천구 목1동
1147052000,1147010200,서울특별시,양천구,목동,,11470,10200,서울특별시 양천구 목동,서울특별시,양천구,목2동,11470,52000,서울특별시 양천구 목2동
1147053000,1147010200,서울특별시,양천구,목동,,11470,10200,서울특별시 양천구 목동,서울특별시,양천구,목3동,11470,53000,서울특별시 양천구 목3동
1147054000,1147010200,서울특별시,양천구,목동,,11470,10200,서울특별시 양천구 목동,서울특별시,양천구,목4동,11470,54000,서울특별시 양천구 목4동
1147055000,1147010200,서울특별시,양천구,목동,,11470,10200,서울특별시 양천구 목동,서울특별시,양천구,목5동,11470,55000,서울특별시 양천구 목5동
1147056000,1147010300,서울특별시,양천구,신월동,,11470,10300,서울특별시 양천구 신월동,서울특별시,양천구,신월1동,11470,56000,서울특별시 양천구 신월1동
1147057000,1147010300,서울특별시,양천구,신월동,,11470,10300,서울특별시 양천구 신월동,서울특별시,양천구,신월2동,11470,57000,서울특별시 양천구 신월2동
1147058000,1147010300,서울특별시,양천구,신월동,,11470,10300,서울특별시 양천구 신월동,서울특별시,양천구,신월3동,11470,58000,서울특별시 양천구 신월3동
1147059000,1147010300,서울특별시,양천구,신월동,,11470,10300,서울특별시 양천구 신월동,서울특별시,양천구,신월4동,11470,59000,서울특별시 양천구 신월4동
1147060000,1147010300,서울특별시,양천구,신월동,,11470,10300,서울특별시 양천구 신월동,서울특별시,양천구,신월5동,11470,60000,서울특별시 양천구 신월5동
1147061000,1147010300,서울특별시,양천구,신월동,,11470,10300,서울특별시 양천구 신월동,서울특별시,양천구,신월6동,11470,61000,서울특별시 양천구 신월6동
1147061100,1147010300,서울특별시,양천구,신월동,,11470,10300,서울특별시 양천구 신월동,서울특별시,양천구,신월7동,11470,61100,서울특별시 양천구 신월7동
1147062000,1147010100,서울특별시,양천구,신정동,,11470,10100,서울특별시 양천구 신정동,서울특별시,양천구,신정1동,11470,62000,서울특별시 양천구 신정1동
1147063000,1147010100,서울특별시,양천구,신정동,,11470,10100,서울특별시 양천구 신정동,서울특별시,양천구,신정2동,11470,63000,서울특별시 양천구 신정2동
1147064000,1147010100,서울특별시,양천구,신정동,,11470,10100,서울특별시 양천구 신정동,서울특별시,양천구,신정3동,11470,64000,서울특별시 양천구 신정3동
1147065000,1147010100,서울특별시,양천구,신정동,,11470,10100,서울특별시 양천구 신정동,서울특별시,양천구,신정4동,11470,65000,서울특별시 양천구 신정4동
1147067000,1147010100,서울특별시,양천구,신정동,,11470,10100,서울특별시 양천구 신정동,서울특별시,양천구,신정6동,11470,67000,서울특별시 양천구 신정6동
1147068000,1147010100,서울특별시,양천구,신정동,,11470,10100,서울특별시 양천구 신정동,서울특별시,양천구,신정7동,11470,68000,서울특별시 양천구 신정7동
1150051000,1150010100,서울특별시,강서구,염창동,,11500,10100,서울특별시 강서구 염창동,서울특별시,강서구,염창동,11500,51000,서울특별시 강서구 염창동
1150051000,1150010400,서울특별시,강서구,가양동,,11500,10400,서울특별시 강서구 가양동,서울특별시,강서구,염창동,11500,51000,서울특별시 강서구 염창동
1150052000,1150010200,서울특별시,강서구,등촌동,,11500,10200,서울특별시 강서구 등촌동,서울특별시,강서구,등촌제1동,11500,52000,서울특별시 강서구 등촌제1동
1150053000,1150010200,서울특별시,강서구,등촌동,,11500,10200,서울특별시 강서구 등촌동,서울특별시,강서구,등촌제2동,11500,53000,서울특별시 강서구 등촌제2동
1150053500,1150010200,서울특별시,강서구,등촌동,,11500,10200,서울특별시 강서구 등촌동,서울특별시,강서구,등촌제3동,11500,53500,서울특별시 강서구 등촌제3동
1150054000,1150010300,서울특별시,강서구,화곡동,,11500,10300,서울특별시 강서구 화곡동,서울특별시,강서구,화곡제1동,11500,54000,서울특별시 강서구 화곡제1동
1150055000,1150010300,서울특별시,강서구,화곡동,,11500,10300,서울특별시 강서구 화곡동,서울특별시,강서구,화곡제2동,11500,55000,서울특별시 강서구 화곡제2동
1150056000,1150010300,서울특별시,강서구,화곡동,,11500,10300,서울특별시 강서구 화곡동,서울특별시,강서구,화곡제3동,11500,56000,서울특별시 강서구 화곡제3동
1150057000,1150010300,서울특별시,강서구,화곡동,,11500,10300,서울특별시 강서구 화곡동,서울특별시,강서구,화곡제4동,11500,57000,서울특별시 강서구 화곡제4동
1150059000,1150010300,서울특별시,강서구,화곡동,,11500,10300,서울특별시 강서구 화곡동,서울특별시,강서구,화곡본동,11500,59000,서울특별시 강서구 화곡본동
1150059100,1150010300,서울특별시,강서구,화곡동,,11500,10300,서울특별시 강서구 화곡동,서울특별시,강서구,화곡제6동,11500,59100,서울특별시 강서구 화곡제6동
1150059300,1150010300,서울특별시,강서구,화곡동,,11500,10300,서울특별시 강서구 화곡동,서울특별시,강서구,화곡제8동,11500,59300,서울특별시 강서구 화곡제8동
1150060300,1150010200,서울특별시,강서구,등촌동,,11500,10200,서울특별시 강서구 등촌동,서울특별시,강서구,가양제1동,11500,60300,서울특별시 강서구 가양제1동
1150060300,1150010400,서울특별시,강서구,가양동,,11500,10400,서울특별시 강서구 가양동,서울특별시,강서구,가양제1동,11500,60300,서울특별시 강서구 가양제1동
1150060300,1150010500,서울특별시,강서구,마곡동,,11500,10500,서울특별시 강서구 마곡동,서울특별시,강서구,가양제1동,11500,60300,서울특별시 강서구 가양제1동
1150060400,1150010400,서울특별시,강서구,가양동,,11500,10400,서울특별시 강서구 가양동,서울특별시,강서구,가양제2동,11500,60400,서울특별시 강서구 가양제2동
1150060500,1150010400,서울특별시,강서구,가양동,,11500,10400,서울특별시 강서구 가양동,서울특별시,강서구,가양제3동,11500,60500,서울특별시 강서구 가양제3동
1150061100,1150010500,서울특별시,강서구,마곡동,,11500,10500,서울특별시 강서구 마곡동,서울특별시,강서구,발산제1동,11500,61100,서울특별시 강서구 발산제1동
1150061100,1150010600,서울특별시,강서구,내발산동,,11500,10600,서울특별시 강서구 내발산동,서울특별시,강서구,발산제1동,11500,61100,서울특별시 강서구 발산제1동
1150061100,1150010700,서울특별시,강서구,외발산동,,11500,10700,서울특별시 강서구 외발산동,서울특별시,강서구,발산제1동,11500,61100,서울특별시 강서구 발산제1동
1150061500,1150010300,서울특별시,강서구,화곡동,,11500,10300,서울특별시 강서구 화곡동,서울특별시,강서구,우장산동,11500,61500,서울특별시 강서구 우장산동
1150061500,1150010600,서울특별시,강서구,내발산동,,11500,10600,서울특별시 강서구 내발산동,서울특별시,강서구,우장산동,11500,61500,서울특별시 강서구 우장산동
1150062000,1150010500,서울특별시,강서구,마곡동,,11500,10500,서울특별시 강서구 마곡동,서울특별시,강서구,공항동,11500,62000,서울특별시 강서구 공항동
1150062000,1150010800,서울특별시,강서구,공항동,,11500,10800,서울특별시 강서구 공항동,서울특별시,강서구,공항동,11500,62000,서울특별시 강서구 공항동
1150062000,1150010900,서울특별시,강서구,방화동,,11500,10900,서울특별시 강서구 방화동,서울특별시,강서구,공항동,11500,62000,서울특별시 강서구 공항동
1150062000,1150011100,서울특별시,강서구,과해동,,11500,11100,서울특별시 강서구 과해동,서울특별시,강서구,공항동,11500,62000,서울특별시 강서구 공항동
1150062000,1150011200,서울특별시,강서구,오곡동,,11500,11200,서울특별시 강서구 오곡동,서울특별시,강서구,공항동,11500,62000,서울특별시 강서구 공항동
1150062000,1150011300,서울특별시,강서구,오쇠동,,11500,11300,서울특별시 강서구 오쇠동,서울특별시,강서구,공항동,11500,62000,서울특별시 강서구 공항동
1150063000,1150010500,서울특별시,강서구,마곡동,,11500,10500,서울특별시 강서구 마곡동,서울특별시,강서구,방화제1동,11500,63000,서울특별시 강서구 방화제1동
1150063000,1150010800,서울특별시,강서구,공항동,,11500,10800,서울특별시 강서구 공항동,서울특별시,강서구,방화제1동,11500,63000,서울특별시 강서구 방화제1동
1150063000,1150010900,서울특별시,강서구,방화동,,11500,10900,서울특별시 강서구 방화동,서울특별시,강서구,방화제1동,11500,63000,서울특별시 강서구 방화제1동
1150064000,1150010900,서울특별시,강서구,방화동,,11500,10900,서울특별시 강서구 방화동,서울특별시,강서구,방화제2동,11500,64000,서울특별시 강서구 방화제2동
1150064000,1150011000,서울특별시,강서구,개화동,,11500,11000,서울특별시 강서구 개화동,서울특별시,강서구,방화제2동,11500,64000,서울특별시 강서구 방화제2동
1150064100,1150010500,서울특별시,강서구,마곡동,,11500,10500,서울특별시 강서구 마곡동,서울특별시,강서구,방화제3동,11500,64100,서울특별시 강서구 방화제3동
1150064100,1150010900,서울특별시,강서구,방화동,,11500,10900,서울특별시 강서구 방화동,서울특별시,강서구,방화제3동,11500,64100,서울특별시 강서구 방화제3동
1153051000,1153010100,서울특별시,구로구,신도림동,,11530,10100,서울특별시 구로구 신도림동,서울특별시,구로구,신도림동,11530,51000,서울특별시 구로구 신도림동
1153052000,1153010200,서울특별시,구로구,구로동,,11530,10200,서울특별시 구로구 구로동,서울특별시,구로구,구로제1동,11530,52000,서울특별시 구로구 구로제1동
1153053000,1153010200,서울특별시,구로구,구로동,,11530,10200,서울특별시 구로구 구로동,서울특별시,구로구,구로제2동,11530,53000,서울특별시 구로구 구로제2동
1153054000,1153010200,서울특별시,구로구,구로동,,11530,10200,서울특별시 구로구 구로동,서울특별시,구로구,구로제3동,11530,54000,서울특별시 구로구 구로제3동
1153055000,1153010200,서울특별시,구로구,구로동,,11530,10200,서울특별시 구로구 구로동,서울특별시,구로구,구로제4동,11530,55000,서울특별시 구로구 구로제4동
1153056000,1153010200,서울특별시,구로구,구로동,,11530,10200,서울특별시 구로구 구로동,서울특별시,구로구,구로제5동,11530,56000,서울특별시 구로구 구로제5동
1153059500,1153010300,서울특별시,구로구,가리봉동,,11530,10300,서울특별시 구로구 가리봉동,서울특별시,구로구,가리봉동,11530,59500,서울특별시 구로구 가리봉동
1153072000,1153010600,서울특별시,구로구,고척동,,11530,10600,서울특별시 구로구 고척동,서울특별시,구로구,고척제1동,11530,72000,서울특별시 구로구 고척제1동
1153073000,1153010600,서울특별시,구로구,고척동,,11530,10600,서울특별시 구로구 고척동,서울특별시,구로구,고척제2동,11530,73000,서울특별시 구로구 고척제2동
1153074000,1153010700,서울특별시,구로구,개봉동,,11530,10700,서울특별시 구로구 개봉동,서울특별시,구로구,개봉제1동,11530,74000,서울특별시 구로구 개봉제1동
1153075000,1153010700,서울특별시,구로구,개봉동,,11530,10700,서울특별시 구로구 개봉동,서울특별시,구로구,개봉제2동,11530,75000,서울특별시 구로구 개봉제2동
1153076000,1153010700,서울특별시,구로구,개봉동,,11530,10700,서울특별시 구로구 개봉동,서울특별시,구로구,개봉제3동,11530,76000,서울특별시 구로구 개봉제3동
1153077000,1153010800,서울특별시,구로구,오류동,,11530,10800,서울특별시 구로구 오류동,서울특별시,구로구,오류제1동,11530,77000,서울특별시 구로구 오류제1동
1153078000,1153010800,서울특별시,구로구,오류동,,11530,10800,서울특별시 구로구 오류동,서울특별시,구로구,오류제2동,11530,78000,서울특별시 구로구 오류제2동
1153078000,1153011100,서울특별시,구로구,천왕동,,11530,11100,서울특별시 구로구 천왕동,서울특별시,구로구,오류제2동,11530,78000,서울특별시 구로구 오류제2동
1153079000,1153010900,서울특별시,구로구,궁동,,11530,10900,서울특별시 구로구 궁동,서울특별시,구로구,수궁동,11530,79000,서울특별시 구로구 수궁동
1153079000,1153011000,서울특별시,구로구,온수동,,11530,11000,서울특별시 구로구 온수동,서울특별시,구로구,수궁동,11530,79000,서울특별시 구로구 수궁동
1153080000,1153011200,서울특별시,구로구,항동,,11530,11200,서울특별시 구로구 항동,서울특별시,구로구,항동,11530,80000,서울특별시 구로구 항동
1154551000,1154510100,서울특별시,금천구,가산동,,11545,10100,서울특별시 금천구 가산동,서울특별시,금천구,가산동,11545,51000,서울특별시 금천구 가산동
1154561000,1154510200,서울특별시,금천구,독산동,,11545,10200,서울특별시 금천구 독산동,서울특별시,금천구,독산제1동,11545,61000,서울특별시 금천구 독산제1동
1154562000,1154510200,서울특별시,금천구,독산동,,11545,10200,서울특별시 금천구 독산동,서울특별시,금천구,독산제2동,11545,62000,서울특별시 금천구 독산제2동
1154563000,1154510200,서울특별시,금천구,독산동,,11545,10200,서울특별시 금천구 독산동,서울특별시,금천구,독산제3동,11545,63000,서울특별시 금천구 독산제3동
1154564000,1154510200,서울특별시,금천구,독산동,,11545,10200,서울특별시 금천구 독산동,서울특별시,금천구,독산제4동,11545,64000,서울특별시 금천구 독산제4동
1154567000,1154510300,서울특별시,금천구,시흥동,,11545,10300,서울특별시 금천구 시흥동,서울특별시,금천구,시흥제1동,11545,67000,서울특별시 금천구 시흥제1동
1154568000,1154510300,서울특별시,금천구,시흥동,,11545,10300,서울특별시 금천구 시흥동,서울특별시,금천구,시흥제2동,11545,68000,서울특별시 금천구 시흥제2동
1154569000,1154510300,서울특별시,금천구,시흥동,,11545,10300,서울특별시 금천구 시흥동,서울특별시,금천구,시흥제3동,11545,69000,서울특별시 금천구 시흥제3동
1154570000,1154510300,서울특별시,금천구,시흥동,,11545,10300,서울특별시 금천구 시흥동,서울특별시,금천구,시흥제4동,11545,70000,서울특별시 금천구 시흥제4동
1154571000,1154510300,서울특별시,금천구,시흥동,,11545,10300,서울특별시 금천구 시흥동,서울특별시,금천구,시흥제5동,11545,71000,서울특별시 금천구 시흥제5동
1156051500,1156010100,서울특별시,영등포구,영등포동,,11560,10100,서울특별시 영등포구 영등포동,서울특별시,영등포구,영등포본동,11560,51500,서울특별시 영등포구 영등포본동
1156051500,1156013200,서울특별시,영등포구,신길동,,11560,13200,서울특별시 영등포구 신길동,서울특별시,영등포구,영등포본동,11560,51500,서울특별시 영등포구 영등포본동
1156053500,1156010100,서울특별시,영등포구,영등포동,,11560,10100,서울특별시 영등포구 영등포동,서울특별시,영등포구,영등포동,11560,53500,서울특별시 영등포구 영등포동
1156053500,1156010200,서울특별시,영등포구,영등포동1가,,11560,10200,서울특별시 영등포구 영등포동1가,서울특별시,영등포구,영등포동,11560,53500,서울특별시 영등포구 영등포동
1156053500,1156010300,서울특별시,영등포구,영등포동2가,,11560,10300,서울특별시 영등포구 영등포동2가,서울특별시,영등포구,영등포동,11560,53500,서울특별시 영등포구 영등포동
1156053500,1156010400,서울특별시,영등포구,영등포동3가,,11560,10400,서울특별시 영등포구 영등포동3가,서울특별시,영등포구,영등포동,11560,53500,서울특별시 영등포구 영등포동
1156053500,1156010500,서울특별시,영등포구,영등포동4가,,11560,10500,서울특별시 영등포구 영등포동4가,서울특별시,영등포구,영등포동,11560,53500,서울특별시 영등포구 영등포동
1156053500,1156010600,서울특별시,영등포구,영등포동5가,,11560,10600,서울특별시 영등포구 영등포동5가,서울특별시,영등포구,영등포동,11560,53500,서울특별시 영등포구 영등포동
1156053500,1156010700,서울특별시,영등포구,영등포동6가,,11560,10700,서울특별시 영등포구 영등포동6가,서울특별시,영등포구,영등포동,11560,53500,서울특별시 영등포구 영등포동
1156053500,1156010800,서울특별시,영등포구,영등포동7가,,11560,10800,서울특별시 영등포구 영등포동7가,서울특별시,영등포구,영등포동,11560,53500,서울특별시 영등포구 영등포동
1156053500,1156010900,서울특별시,영등포구,영등포동8가,,11560,10900,서울특별시 영등포구 영등포동8가,서울특별시,영등포구,영등포동,11560,53500,서울특별시 영등포구 영등포동
1156054000,1156011000,서울특별시,영등포구,여의도동,,11560,11000,서울특별시 영등포구 여의도동,서울특별시,영등포구,여의동,11560,54000,서울특별시 영등포구 여의동
1156055000,1156011100,서울특별시,영등포구,당산동1가,,11560,11100,서울특별시 영등포구 당산동1가,서울특별시,영등포구,당산제1동,11560,55000,서울특별시 영등포구 당산제1동
1156055000,1156011200,서울특별시,영등포구,당산동2가,,11560,11200,서울특별시 영등포구 당산동2가,서울특별시,영등포구,당산제1동,11560,55000,서울특별시 영등포구 당산제1동
1156055000,1156011300,서울특별시,영등포구,당산동3가,,11560,11300,서울특별시 영등포구 당산동3가,서울특별시,영등포구,당산제1동,11560,55000,서울특별시 영등포구 당산제1동
1156056000,1156011400,서울특별시,영등포구,당산동4가,,11560,11400,서울특별시 영등포구 당산동4가,서울특별시,영등포구,당산제2동,11560,56000,서울특별시 영등포구 당산제2동
1156056000,1156011500,서울특별시,영등포구,당산동5가,,11560,11500,서울특별시 영등포구 당산동5가,서울특별시,영등포구,당산제2동,11560,56000,서울특별시 영등포구 당산제2동
1156056000,1156011600,서울특별시,영등포구,당산동6가,,11560,11600,서울특별시 영등포구 당산동6가,서울특별시,영등포구,당산제2동,11560,56000,서울특별시 영등포구 당산제2동
1156056000,1156011700,서울특별시,영등포구,당산동,,11560,11700,서울특별시 영등포구 당산동,서울특별시,영등포구,당산제2동,11560,56000,서울특별시 영등포구 당산제2동
1156058500,1156011800,서울특별시,영등포구,도림동,,11560,11800,서울특별시 영등포구 도림동,서울특별시,영등포구,도림동,11560,58500,서울특별시 영등포구 도림동
1156060500,1156011900,서울특별시,영등포구,문래동1가,,11560,11900,서울특별시 영등포구 문래동1가,서울특별시,영등포구,문래동,11560,60500,서울특별시 영등포구 문래동
1156060500,1156012000,서울특별시,영등포구,문래동2가,,11560,12000,서울특별시 영등포구 문래동2가,서울특별시,영등포구,문래동,11560,60500,서울특별시 영등포구 문래동
1156060500,1156012100,서울특별시,영등포구,문래동3가,,11560,12100,서울특별시 영등포구 문래동3가,서울특별시,영등포구,문래동,11560,60500,서울특별시 영등포구 문래동
1156060500,1156012200,서울특별시,영등포구,문래동4가,,11560,12200,서울특별시 영등포구 문래동4가,서울특별시,영등포구,문래동,11560,60500,서울특별시 영등포구 문래동
1156060500,1156012300,서울특별시,영등포구,문래동5가,,11560,12300,서울특별시 영등포구 문래동5가,서울특별시,영등포구,문래동,11560,60500,서울특별시 영등포구 문래동
1156060500,1156012400,서울특별시,영등포구,문래동6가,,11560,12400,서울특별시 영등포구 문래동6가,서울특별시,영등포구,문래동,11560,60500,서울특별시 영등포구 문래동
1156061000,1156012500,서울특별시,영등포구,양평동1가,,11560,12500,서울특별시 영등포구 양평동1가,서울특별시,영등포구,양평제1동,11560,61000,서울특별시 영등포구 양평제1동
1156061000,1156012600,서울특별시,영등포구,양평동2가,,11560,12600,서울특별시 영등포구 양평동2가,서울특별시,영등포구,양평제1동,11560,61000,서울특별시 영등포구 양평제1동
1156061000,1156012700,서울특별시,영등포구,양평동3가,,11560,12700,서울특별시 영등포구 양평동3가,서울특별시,영등포구,양평제1동,11560,61000,서울특별시 영등포구 양평제1동
1156062000,1156012700,서울특별시,영등포구,양평동3가,,11560,12700,서울특별시 영등포구 양평동3가,서울특별시,영등포구,양평제2동,11560,62000,서울특별시 영등포구 양평제2동
1156062000,1156012800,서울특별시,영등포구,양평동4가,,11560,12800,서울특별시 영등포구 양평동4가,서울특별시,영등포구,양평제2동,11560,62000,서울특별시 영등포구 양평제2동
1156062000,1156012900,서울특별시,영등포구,양평동5가,,11560,12900,서울특별시 영등포구 양평동5가,서울특별시,영등포구,양평제2동,11560,62000,서울특별시 영등포구 양평제2동
1156062000,1156013000,서울특별시,영등포구,양평동6가,,11560,13000,서울특별시 영등포구 양평동6가,서울특별시,영등포구,양평제2동,11560,62000,서울특별시 영등포구 양평제2동
1156062000,1156013100,서울특별시,영등포구,양화동,,11560,13100,서울특별시 영등포구 양화동,서울특별시,영등포구,양평제2동,11560,62000,서울특별시 영등포구 양평제2동
1156062000,1156013400,서울특별시,영등포구,양평동,,11560,13400,서울특별시 영등포구 양평동,서울특별시,영등포구,양평제2동,11560,62000,서울특별시 영등포구 양평제2동
1156063000,1156013200,서울특별시,영등포구,신길동,,11560,13200,서울특별시 영등포구 신길동,서울특별시,영등포구,신길제1동,11560,63000,서울특별시 영등포구 신길제1동
1156065000,1156013200,서울특별시,영등포구,신길동,,11560,13200,서울특별시 영등포구 신길동,서울특별시,영등포구,신길제3동,11560,65000,서울특별시 영등포구 신길제3동
1156066000,1156013200,서울특별시,영등포구,신길동,,11560,13200,서울특별시 영등포구 신길동,서울특별시,영등포구,신길제4동,11560,66000,서울특별시 영등포구 신길제4동
1156067000,1156013200,서울특별시,영등포구,신길동,,11560,13200,서울특별시 영등포구 신길동,서울특별시,영등포구,신길제5동,11560,67000,서울특별시 영등포구 신길제5동
1156067000,1156013300,서울특별시,영등포구,대림동,,11560,13300,서울특별시 영등포구 대림동,서울특별시,영등포구,신길제5동,11560,67000,서울특별시 영등포구 신길제5동
1156068000,1156013200,서울특별시,영등포구,신길동,,11560,13200,서울특별시 영등포구 신길동,서울특별시,영등포구,신길제6동,11560,68000,서울특별시 영등포구 신길제6동
1156069000,1156013200,서울특별시,영등포구,신길동,,11560,13200,서울특별시 영등포구 신길동,서울특별시,영등포구,신길제7동,11560,69000,서울특별시 영등포구 신길제7동
1156070000,1156013300,서울특별시,영등포구,대림동,,11560,13300,서울특별시 영등포구 대림동,서울특별시,영등포구,대림제1동,11560,70000,서울특별시 영등포구 대림제1동
1156071000,1156013300,서울특별시,영등포구,대림동,,11560,13300,서울특별시 영등포구 대림동,서울특별시,영등포구,대림제2동,11560,71000,서울특별시 영등포구 대림제2동
1156072000,1156013300,서울특별시,영등포구,대림동,,11560,13300,서울특별시 영등포구 대림동,서울특별시,영등포구,대림제3동,11560,72000,서울특별시 영등포구 대림제3동
1159051000,1159010100,서울특별시,동작구,노량진동,,11590,10100,서울특별시 동작구 노량진동,서울특별시,동작구,노량진제1동,11590,51000,서울특별시 동작구 노량진제1동
1159051000,1159010400,서울특별시,동작구,본동,,11590,10400,서울특별시 동작구 본동,서울특별시,동작구,노량진제1동,11590,51000,서울특별시 동작구 노량진제1동
1159052000,1159010100,서울특별시,동작구,노량진동,,11590,10100,서울특별시 동작구 노량진동,서울특별시,동작구,노량진제2동,11590,52000,서울특별시 동작구 노량진제2동
1159053000,1159010200,서울특별시,동작구,상도동,,11590,10200,서울특별시 동작구 상도동,서울특별시,동작구,상도제1동,11590,53000,서울특별시 동작구 상도제1동
1159053000,1159010300,서울특별시,동작구,상도1동,,11590,10300,서울특별시 동작구 상도1동,서울특별시,동작구,상도제1동,11590,53000,서울특별시 동작구 상도제1동
1159054000,1159010200,서울특별시,동작구,상도동,,11590,10200,서울특별시 동작구 상도동,서울특별시,동작구,상도제2동,11590,54000,서울특별시 동작구 상도제2동
1159055000,1159010200,서울특별시,동작구,상도동,,11590,10200,서울특별시 동작구 상도동,서울특별시,동작구,상도제3동,11590,55000,서울특별시 동작구 상도제3동
1159056000,1159010200,서울특별시,동작구,상도동,,11590,10200,서울특별시 동작구 상도동,서울특별시,동작구,상도제4동,11590,56000,서울특별시 동작구 상도제4동
1159060500,1159010500,서울특별시,동작구,흑석동,,11590,10500,서울특별시 동작구 흑석동,서울특별시,동작구,흑석동,11590,60500,서울특별시 동작구 흑석동
1159062000,1159010700,서울특별시,동작구,사당동,,11590,10700,서울특별시 동작구 사당동,서울특별시,동작구,사당제1동,11590,62000,서울특별시 동작구 사당제1동
1159063000,1159010600,서울특별시,동작구,동작동,,11590,10600,서울특별시 동작구 동작동,서울특별시,동작구,사당제2동,11590,63000,서울특별시 동작구 사당제2동
1159063000,1159010700,서울특별시,동작구,사당동,,11590,10700,서울특별시 동작구 사당동,서울특별시,동작구,사당제2동,11590,63000,서울특별시 동작구 사당제2동
1159064000,1159010700,서울특별시,동작구,사당동,,11590,10700,서울특별시 동작구 사당동,서울특별시,동작구,사당제3동,11590,64000,서울특별시 동작구 사당제3동
1159065000,1159010700,서울특별시,동작구,사당동,,11590,10700,서울특별시 동작구 사당동,서울특별시,동작구,사당제4동,11590,65000,서울특별시 동작구 사당제4동
1159065100,1159010700,서울특별시,동작구,사당동,,11590,10700,서울특별시 동작구 사당동,서울특별시,동작구,사당제5동,11590,65100,서울특별시 동작구 사당제5동
1159066000,1159010800,서울특별시,동작구,대방동,,11590,10800,서울특별시 동작구 대방동,서울특별시,동작구,대방동,11590,66000,서울특별시 동작구 대방동
1159067000,1159010900,서울특별시,동작구,신대방동,,11590,10900,서울특별시 동작구 신대방동,서울특별시,동작구,신대방제1동,11590,67000,서울특별시 동작구 신대방제1동
1159068000,1159010900,서울특별시,동작구,신대방동,,11590,10900,서울특별시 동작구 신대방동,서울특별시,동작구,신대방제2동,11590,68000,서울특별시 동작구 신대방제2동
1162052500,1162010100,서울특별시,관악구,봉천동,,11620,10100,서울특별시 관악구 봉천동,서울특별시,관악구,보라매동,11620,52500,서울특별시 관악구 보라매동
1162054500,1162010100,서울특별시,관악구,봉천동,,11620,10100,서울특별시 관악구 봉천동,서울특별시,관악구,청림동,11620,54500,서울특별시 관악구 청림동
1162056500,1162010100,서울특별시,관악구,봉천동,,11620,10100,서울특별시 관악구 봉천동,서울특별시,관악구,성현동,11620,56500,서울특별시 관악구 성현동
1162057500,1162010100,서울특별시,관악구,봉천동,,11620,10100,서울특별시 관악구 봉천동,서울특별시,관악구,행운동,11620,57500,서울특별시 관악구 행운동
1162058500,1162010100,서울특별시,관악구,봉천동,,11620,10100,서울특별시 관악구 봉천동,서울특별시,관악구,낙성대동,11620,58500,서울특별시 관악구 낙성대동
1162059500,1162010100,서울특별시,관악구,봉천동,,11620,10100,서울특별시 관악구 봉천동,서울특별시,관악구,청룡동,11620,59500,서울특별시 관악구 청룡동
1162060500,1162010100,서울특별시,관악구,봉천동,,11620,10100,서울특별시 관악구 봉천동,서울특별시,관악구,은천동,11620,60500,서울특별시 관악구 은천동
1162061500,1162010100,서울특별시,관악구,봉천동,,11620,10100,서울특별시 관악구 봉천동,서울특별시,관악구,중앙동,11620,61500,서울특별시 관악구 중앙동
1162062500,1162010100,서울특별시,관악구,봉천동,,11620,10100,서울특별시 관악구 봉천동,서울특별시,관악구,인헌동,11620,62500,서울특별시 관악구 인헌동
1162063000,1162010300,서울특별시,관악구,남현동,,11620,10300,서울특별시 관악구 남현동,서울특별시,관악구,남현동,11620,63000,서울특별시 관악구 남현동
1162064500,1162010200,서울특별시,관악구,신림동,,11620,10200,서울특별시 관악구 신림동,서울특별시,관악구,서원동,11620,64500,서울특별시 관악구 서원동
1162065500,1162010200,서울특별시,관악구,신림동,,11620,10200,서울특별시 관악구 신림동,서울특별시,관악구,신원동,11620,65500,서울특별시 관악구 신원동
1162066500,1162010200,서울특별시,관악구,신림동,,11620,10200,서울특별시 관악구 신림동,서울특별시,관악구,서림동,11620,66500,서울특별시 관악구 서림동
1162068500,1162010200,서울특별시,관악구,신림동,,11620,10200,서울특별시 관악구 신림동,서울특별시,관악구,신사동,11620,68500,서울특별시 관악구 신사동
1162069500,1162010200,서울특별시,관악구,신림동,,11620,10200,서울특별시 관악구 신림동,서울특별시,관악구,신림동,11620,69500,서울특별시 관악구 신림동
1162071500,1162010200,서울특별시,관악구,신림동,,11620,10200,서울특별시 관악구 신림동,서울특별시,관악구,난향동,11620,71500,서울특별시 관악구 난향동
1162072500,1162010200,서울특별시,관악구,신림동,,11620,10200,서울특별시 관악구 신림동,서울특별시,관악구,조원동,11620,72500,서울특별시 관악구 조원동
1162073500,1162010200,서울특별시,관악구,신림동,,11620,10200,서울특별시 관악구 신림동,서울특별시,관악구,대학동,11620,73500,서울특별시 관악구 대학동
1162074500,1162010200,서울특별시,관악구,신림동,,11620,10200,서울특별시 관악구 신림동,서울특별시,관악구,삼성동,11620,74500,서울특별시 관악구 삼성동
1162076500,1162010200,서울특별시,관악구,신림동,,11620,10200,서울특별시 관악구 신림동,서울특별시,관악구,미성동,11620,76500,서울특별시 관악구 미성동
1162077500,1162010200,서울특별시,관악구,신림동,,11620,10200,서울특별시 관악구 신림동,서울특별시,관악구,난곡동,11620,77500,서울특별시 관악구 난곡동
1165051000,1165010800,서울특별시,서초구,서초동,,11650,10800,서울특별시 서초구 서초동,서울특별시,서초구,서초1동,11650,51000,서울특별시 서초구 서초1동
1165052000,1165010800,서울특별시,서초구,서초동,,11650,10800,서울특별시 서초구 서초동,서울특별시,서초구,서초2동,11650,52000,서울특별시 서초구 서초2동
1165053000,1165010100,서울특별시,서초구,방배동,,11650,10100,서울특별시 서초구 방배동,서울특별시,서초구,서초3동,11650,53000,서울특별시 서초구 서초3동
1165053000,1165010800,서울특별시,서초구,서초동,,11650,10800,서울특별시 서초구 서초동,서울특별시,서초구,서초3동,11650,53000,서울특별시 서초구 서초3동
1165053100,1165010800,서울특별시,서초구,서초동,,11650,10800,서울특별시 서초구 서초동,서울특별시,서초구,서초4동,11650,53100,서울특별시 서초구 서초4동
1165054000,1165010600,서울특별시,서초구,잠원동,,11650,10600,서울특별시 서초구 잠원동,서울특별시,서초구,잠원동,11650,54000,서울특별시 서초구 잠원동
1165055000,1165010700,서울특별시,서초구,반포동,,11650,10700,서울특별시 서초구 반포동,서울특별시,서초구,반포본동,11650,55000,서울특별시 서초구 반포본동
1165056000,1165010700,서울특별시,서초구,반포동,,11650,10700,서울특별시 서초구 반포동,서울특별시,서초구,반포1동,11650,56000,서울특별시 서초구 반포1동
1165057000,1165010700,서울특별시,서초구,반포동,,11650,10700,서울특별시 서초구 반포동,서울특별시,서초구,반포2동,11650,57000,서울특별시 서초구 반포2동
1165058000,1165010600,서울특별시,서초구,잠원동,,11650,10600,서울특별시 서초구 잠원동,서울특별시,서초구,반포3동,11650,58000,서울특별시 서초구 반포3동
1165058100,1165010700,서울특별시,서초구,반포동,,11650,10700,서울특별시 서초구 반포동,서울특별시,서초구,반포4동,11650,58100,서울특별시 서초구 반포4동
1165059000,1165010100,서울특별시,서초구,방배동,,11650,10100,서울특별시 서초구 방배동,서울특별시,서초구,방배본동,11650,59000,서울특별시 서초구 방배본동
1165060000,1165010100,서울특별시,서초구,방배동,,11650,10100,서울특별시 서초구 방배동,서울특별시,서초구,방배1동,11650,60000,서울특별시 서초구 방배1동
1165061000,1165010100,서울특별시,서초구,방배동,,11650,10100,서울특별시 서초구 방배동,서울특별시,서초구,방배2동,11650,61000,서울특별시 서초구 방배2동
1165062000,1165010100,서울특별시,서초구,방배동,,11650,10100,서울특별시 서초구 방배동,서울특별시,서초구,방배3동,11650,62000,서울특별시 서초구 방배3동
1165062100,1165010100,서울특별시,서초구,방배동,,11650,10100,서울특별시 서초구 방배동,서울특별시,서초구,방배4동,11650,62100,서울특별시 서초구 방배4동
1165065100,1165010200,서울특별시,서초구,양재동,,11650,10200,서울특별시 서초구 양재동,서울특별시,서초구,양재1동,11650,65100,서울특별시 서초구 양재1동
1165065100,1165010300,서울특별시,서초구,우면동,,11650,10300,서울특별시 서초구 우면동,서울특별시,서초구,양재1동,11650,65100,서울특별시 서초구 양재1동
1165065200,1165010200,서울특별시,서초구,양재동,,11650,10200,서울특별시 서초구 양재동,서울특별시,서초구,양재2동,11650,65200,서울특별시 서초구 양재2동
1165065200,1165010400,서울특별시,서초구,원지동,,11650,10400,서울특별시 서초구 원지동,서울특별시,서초구,양재2동,11650,65200,서울특별시 서초구 양재2동
1165066000,1165010900,서울특별시,서초구,내곡동,,11650,10900,서울특별시 서초구 내곡동,서울특별시,서초구,내곡동,11650,66000,서울특별시 서초구 내곡동
1165066000,1165011000,서울특별시,서초구,염곡동,,11650,11000,서울특별시 서초구 염곡동,서울특별시,서초구,내곡동,11650,66000,서울특별시 서초구 내곡동
1165066000,1165011100,서울특별시,서초구,신원동,,11650,11100,서울특별시 서초구 신원동,서울특별시,서초구,내곡동,11650,66000,서울특별시 서초구 내곡동
1168051000,1168010700,서울특별시,강남구,신사동,,11680,10700,서울특별시 강남구 신사동,서울특별시,강남구,신사동,11680,51000,서울특별시 강남구 신사동
1168051000,1168011000,서울특별시,강남구,압구정동,,11680,11000,서울특별시 강남구 압구정동,서울특별시,강남구,신사동,11680,51000,서울특별시 강남구 신사동
1168052100,1168010800,서울특별시,강남구,논현동,,11680,10800,서울특별시 강남구 논현동,서울특별시,강남구,논현1동,11680,52100,서울특별시 강남구 논현1동
1168053100,1168010800,서울특별시,강남구,논현동,,11680,10800,서울특별시 강남구 논현동,서울특별시,강남구,논현2동,11680,53100,서울특별시 강남구 논현2동
1168054500,1168010700,서울특별시,강남구,신사동,,11680,10700,서울특별시 강남구 신사동,서울특별시,강남구,압구정동,11680,54500,서울특별시 강남구 압구정동
1168054500,1168011000,서울특별시,강남구,압구정동,,11680,11000,서울특별시 강남구 압구정동,서울특별시,강남구,압구정동,11680,54500,서울특별시 강남구 압구정동
1168056500,1168010400,서울특별시,강남구,청담동,,11680,10400,서울특별시 강남구 청담동,서울특별시,강남구,청담동,11680,56500,서울특별시 강남구 청담동
1168058000,1168010500,서울특별시,강남구,삼성동,,11680,10500,서울특별시 강남구 삼성동,서울특별시,강남구,삼성1동,11680,58000,서울특별시 강남구 삼성1동
1168059000,1168010500,서울특별시,강남구,삼성동,,11680,10500,서울특별시 강남구 삼성동,서울특별시,강남구,삼성2동,11680,59000,서울특별시 강남구 삼성2동
1168060000,1168010600,서울특별시,강남구,대치동,,11680,10600,서울특별시 강남구 대치동,서울특별시,강남구,대치1동,11680,60000,서울특별시 강남구 대치1동
1168061000,1168010600,서울특별시,강남구,대치동,,11680,10600,서울특별시 강남구 대치동,서울특별시,강남구,대치2동,11680,61000,서울특별시 강남구 대치2동
1168063000,1168010600,서울특별시,강남구,대치동,,11680,10600,서울특별시 강남구 대치동,서울특별시,강남구,대치4동,11680,63000,서울특별시 강남구 대치4동
1168064000,1168010100,서울특별시,강남구,역삼동,,11680,10100,서울특별시 강남구 역삼동,서울특별시,강남구,역삼1동,11680,64000,서울특별시 강남구 역삼1동
1168065000,1168010100,서울특별시,강남구,역삼동,,11680,10100,서울특별시 강남구 역삼동,서울특별시,강남구,역삼2동,11680,65000,서울특별시 강남구 역삼2동
1168065500,1168011800,서울특별시,강남구,도곡동,,11680,11800,서울특별시 강남구 도곡동,서울특별시,강남구,도곡1동,11680,65500,서울특별시 강남구 도곡1동
1168065600,1168011800,서울특별시,강남구,도곡동,,11680,11800,서울특별시 강남구 도곡동,서울특별시,강남구,도곡2동,11680,65600,서울특별시 강남구 도곡2동
1168066000,1168010300,서울특별시,강남구,개포동,,11680,10300,서울특별시 강남구 개포동,서울특별시,강남구,개포1동,11680,66000,서울특별시 강남구 개포1동
1168067000,1168010300,서울특별시,강남구,개포동,,11680,10300,서울특별시 강남구 개포동,서울특별시,강남구,개포2동,11680,67000,서울특별시 강남구 개포2동
1168067000,1168011400,서울특별시,강남구,일원동,,11680,11400,서울특별시 강남구 일원동,서울특별시,강남구,개포2동,11680,67000,서울특별시 강남구 개포2동
1168067500,1168010300,서울특별시,강남구,개포동,,11680,10300,서울특별시 강남구 개포동,서울특별시,강남구,개포3동,11680,67500,서울특별시 강남구 개포3동
1168067500,1168010600,서울특별시,강남구,대치동,,11680,10600,서울특별시 강남구 대치동,서울특별시,강남구,개포3동,11680,67500,서울특별시 강남구 개포3동
1168067500,1168011400,서울특별시,강남구,일원동,,11680,11400,서울특별시 강남구 일원동,서울특별시,강남구,개포3동,11680,67500,서울특별시 강남구 개포3동
1168069000,1168010300,서울특별시,강남구,개포동,,11680,10300,서울특별시 강남구 개포동,서울특별시,강남구,개포4동,11680,69000,서울특별시 강남구 개포4동
1168070000,1168011100,서울특별시,강남구,세곡동,,11680,11100,서울특별시 강남구 세곡동,서울특별시,강남구,세곡동,11680,70000,서울특별시 강남구 세곡동
1168070000,1168011200,서울특별시,강남구,자곡동,,11680,11200,서울특별시 강남구 자곡동,서울특별시,강남구,세곡동,11680,70000,서울특별시 강남구 세곡동
1168070000,1168011300,서울특별시,강남구,율현동,,11680,11300,서울특별시 강남구 율현동,서울특별시,강남구,세곡동,11680,70000,서울특별시 강남구 세곡동
1168072000,1168011400,서울특별시,강남구,일원동,,11680,11400,서울특별시 강남구 일원동,서울특별시,강남구,일원본동,11680,72000,서울특별시 강남구 일원본동
1168072000,1168011500,서울특별시,강남구,수서동,,11680,11500,서울특별시 강남구 수서동,서울특별시,강남구,일원본동,11680,72000,서울특별시 강남구 일원본동
1168073000,1168011400,서울특별시,강남구,일원동,,11680,11400,서울특별시 강남구 일원동,서울특별시,강남구,일원1동,11680,73000,서울특별시 강남구 일원1동
1168073000,1168011500,서울특별시,강남구,수서동,,11680,11500,서울특별시 강남구 수서동,서울특별시,강남구,일원1동,11680,73000,서울특별시 강남구 일원1동
1168075000,1168011500,서울특별시,강남구,수서동,,11680,11500,서울특별시 강남구 수서동,서울특별시,강남구,수서동,11680,75000,서울특별시 강남구 수서동
1171051000,1171010300,서울특별시,송파구,풍납동,,11710,10300,서울특별시 송파구 풍납동,서울특별시,송파구,풍납1동,11710,51000,서울특별시 송파구 풍납1동
1171052000,1171010300,서울특별시,송파구,풍납동,,11710,10300,서울특별시 송파구 풍납동,서울특별시,송파구,풍납2동,11710,52000,서울특별시 송파구 풍납2동
1171053100,1171011300,서울특별시,송파구,거여동,,11710,11300,서울특별시 송파구 거여동,서울특별시,송파구,거여1동,11710,53100,서울특별시 송파구 거여1동
1171053200,1171011300,서울특별시,송파구,거여동,,11710,11300,서울특별시 송파구 거여동,서울특별시,송파구,거여2동,11710,53200,서울특별시 송파구 거여2동
1171054000,1171011400,서울특별시,송파구,마천동,,11710,11400,서울특별시 송파구 마천동,서울특별시,송파구,마천1동,11710,54000,서울특별시 송파구 마천1동
1171055000,1171011400,서울특별시,송파구,마천동,,11710,11400,서울특별시 송파구 마천동,서울특별시,송파구,마천2동,11710,55000,서울특별시 송파구 마천2동
1171056100,1171011100,서울특별시,송파구,방이동,,11710,11100,서울특별시 송파구 방이동,서울특별시,송파구,방이1동,11710,56100,서울특별시 송파구 방이1동
1171056200,1171011100,서울특별시,송파구,방이동,,11710,11100,서울특별시 송파구 방이동,서울특별시,송파구,방이2동,11710,56200,서울특별시 송파구 방이2동
1171056600,1171011100,서울특별시,송파구,방이동,,11710,11100,서울특별시 송파구 방이동,서울특별시,송파구,오륜동,11710,56600,서울특별시 송파구 오륜동
1171057000,1171011200,서울특별시,송파구,오금동,,11710,11200,서울특별시 송파구 오금동,서울특별시,송파구,오금동,11710,57000,서울특별시 송파구 오금동
1171058000,1171010400,서울특별시,송파구,송파동,,11710,10400,서울특별시 송파구 송파동,서울특별시,송파구,송파1동,11710,58000,서울특별시 송파구 송파1동
1171059000,1171010400,서울특별시,송파구,송파동,,11710,10400,서울특별시 송파구 송파동,서울특별시,송파구,송파2동,11710,59000,서울특별시 송파구 송파2동
1171060000,1171010500,서울특별시,송파구,석촌동,,11710,10500,서울특별시 송파구 석촌동,서울특별시,송파구,석촌동,11710,60000,서울특별시 송파구 석촌동
1171061000,1171010600,서울특별시,송파구,삼전동,,11710,10600,서울특별시 송파구 삼전동,서울특별시,송파구,삼전동,11710,61000,서울특별시 송파구 삼전동
1171062000,1171010700,서울특별시,송파구,가락동,,11710,10700,서울특별시 송파구 가락동,서울특별시,송파구,가락본동,11710,62000,서울특별시 송파구 가락본동
1171063100,1171010700,서울특별시,송파구,가락동,,11710,10700,서울특별시 송파구 가락동,서울특별시,송파구,가락1동,11710,63100,서울특별시 송파구 가락1동
1171063200,1171010700,서울특별시,송파구,가락동,,11710,10700,서울특별시 송파구 가락동,서울특별시,송파구,가락2동,11710,63200,서울특별시 송파구 가락2동
1171064100,1171010800,서울특별시,송파구,문정동,,11710,10800,서울특별시 송파구 문정동,서울특별시,송파구,문정1동,11710,64100,서울특별시 송파구 문정1동
1171064200,1171010800,서울특별시,송파구,문정동,,11710,10800,서울특별시 송파구 문정동,서울특별시,송파구,문정2동,11710,64200,서울특별시 송파구 문정2동
1171064200,1171010900,서울특별시,송파구,장지동,,11710,10900,서울특별시 송파구 장지동,서울특별시,송파구,문정2동,11710,64200,서울특별시 송파구 문정2동
1171064600,1171010800,서울특별시,송파구,문정동,,11710,10800,서울특별시 송파구 문정동,서울특별시,송파구,장지동,11710,64600,서울특별시 송파구 장지동
1171064600,1171010900,서울특별시,송파구,장지동,,11710,10900,서울특별시 송파구 장지동,서울특별시,송파구,장지동,11710,64600,서울특별시 송파구 장지동
1171064700,1171010900,서울특별시,송파구,장지동,,11710,10900,서울특별시 송파구 장지동,서울특별시,송파구,위례동,11710,64700,서울특별시 송파구 위례동
1171064700,1171011300,서울특별시,송파구,거여동,,11710,11300,서울특별시 송파구 거여동,서울특별시,송파구,위례동,11710,64700,서울특별시 송파구 위례동
1171065000,1171010100,서울특별시,송파구,잠실동,,11710,10100,서울특별시 송파구 잠실동,서울특별시,송파구,잠실본동,11710,65000,서울특별시 송파구 잠실본동
1171067000,1171010100,서울특별시,송파구,잠실동,,11710,10100,서울특별시 송파구 잠실동,서울특별시,송파구,잠실2동,11710,67000,서울특별시 송파구 잠실2동
1171068000,1171010100,서울특별시,송파구,잠실동,,11710,10100,서울특별시 송파구 잠실동,서울특별시,송파구,잠실3동,11710,68000,서울특별시 송파구 잠실3동
1171069000,1171010200,서울특별시,송파구,신천동,,11710,10200,서울특별시 송파구 신천동,서울특별시,송파구,잠실4동,11710,69000,서울특별시 송파구 잠실4동
1171071000,1171010200,서울특별시,송파구,신천동,,11710,10200,서울특별시 송파구 신천동,서울특별시,송파구,잠실6동,11710,71000,서울특별시 송파구 잠실6동
1171072000,1171010100,서울특별시,송파구,잠실동,,11710,10100,서울특별시 송파구 잠실동,서울특별시,송파구,잠실7동,11710,72000,서울특별시 송파구 잠실7동
1174051500,1174011000,서울특별시,강동구,강일동,,11740,11000,서울특별시 강동구 강일동,서울특별시,강동구,강일동,11740,51500,서울특별시 강동구 강일동
1174052500,1174010300,서울특별시,강동구,상일동,,11740,10300,서울특별시 강동구 상일동,서울특별시,강동구,상일제1동,11740,52500,서울특별시 강동구 상일제1동
1174052600,1174010300,서울특별시,강동구,상일동,,11740,10300,서울특별시 강동구 상일동,서울특별시,강동구,상일제2동,11740,52600,서울특별시 강동구 상일제2동
1174053000,1174010100,서울특별시,강동구,명일동,,11740,10100,서울특별시 강동구 명일동,서울특별시,강동구,명일제1동,11740,53000,서울특별시 강동구 명일제1동
1174054000,1174010100,서울특별시,강동구,명일동,,11740,10100,서울특별시 강동구 명일동,서울특별시,강동구,명일제2동,11740,54000,서울특별시 강동구 명일제2동
1174055000,1174010200,서울특별시,강동구,고덕동,,11740,10200,서울특별시 강동구 고덕동,서울특별시,강동구,고덕제1동,11740,55000,서울특별시 강동구 고덕제1동
1174056000,1174010200,서울특별시,강동구,고덕동,,11740,10200,서울특별시 강동구 고덕동,서울특별시,강동구,고덕제2동,11740,56000,서울특별시 강동구 고덕제2동
1174057000,1174010700,서울특별시,강동구,암사동,,11740,10700,서울특별시 강동구 암사동,서울특별시,강동구,암사제1동,11740,57000,서울특별시 강동구 암사제1동
1174058000,1174010700,서울특별시,강동구,암사동,,11740,10700,서울특별시 강동구 암사동,서울특별시,강동구,암사제2동,11740,58000,서울특별시 강동구 암사제2동
1174059000,1174010700,서울특별시,강동구,암사동,,11740,10700,서울특별시 강동구 암사동,서울특별시,강동구,암사제3동,11740,59000,서울특별시 강동구 암사제3동
1174060000,1174010900,서울특별시,강동구,천호동,,11740,10900,서울특별시 강동구 천호동,서울특별시,강동구,천호제1동,11740,60000,서울특별시 강동구 천호제1동
1174061000,1174010900,서울특별시,강동구,천호동,,11740,10900,서울특별시 강동구 천호동,서울특별시,강동구,천호제2동,11740,61000,서울특별시 강동구 천호제2동
1174062000,1174010900,서울특별시,강동구,천호동,,11740,10900,서울특별시 강동구 천호동,서울특별시,강동구,천호제3동,11740,62000,서울특별시 강동구 천호제3동
1174064000,1174010800,서울특별시,강동구,성내동,,11740,10800,서울특별시 강동구 성내동,서울특별시,강동구,성내제1동,11740,64000,서울특별시 강동구 성내제1동
1174065000,1174010800,서울특별시,강동구,성내동,,11740,10800,서울특별시 강동구 성내동,서울특별시,강동구,성내제2동,11740,65000,서울특별시 강동구 성내제2동
1174066000,1174010800,서울특별시,강동구,성내동,,11740,10800,서울특별시 강동구 성내동,서울특별시,강동구,성내제3동,11740,66000,서울특별시 강동구 성내제3동
1174068500,1174010500,서울특별시,강동구,길동,,11740,10500,서울특별시 강동구 길동,서울특별시,강동구,길동,11740,68500,서울특별시 강동구 길동
1174069000,1174010600,서울특별시,강동구,둔촌동,,11740,10600,서울특별시 강동구 둔촌동,서울특별시,강동구,둔촌제1동,11740,69000,서울특별시 강동구 둔촌제1동
1174070000,1174010600,서울특별시,강동구,둔촌동,,11740,10600,서울특별시 강동구 둔촌동,서울특별시,강동구,둔촌제2동,11740,70000,서울특별시 강동구 둔촌제2동
