시도교육청코드,시도교육청명,행정표준코드,학교명,영문학교명,학교종류명,시도명,관할조직명,설립명,도로명우편번호,도로명주소,도로명상세주소,전화번호,홈페이지주소,남녀공학구분명,팩스번호,고등학교구분명,산업체특별학급존재여부,고등학교일반전문구분명,특수목적고등학교계열명,입시전후기구분명,주야구분명,설립일자,개교기념일,수정일자
B10,서울특별시교육청,7130165,가락중학교,Karak Middle School,중학교,서울특별시,서울특별시강동송파교육지원청,공립,05673 ,서울특별시 송파구 송이로 45,(송파동/가락중학교),02-2143-3102,http://www.karak.ms.kr,남여공학,02-2143-3119, ,N,일반계, ,전기,주간,19860129,19860506,20230615
B10,서울특별시교육청,7041164,가산중학교,Gasan Middle School,중학교,서울특별시,서울특별시남부교육지원청,공립,08584 ,서울특별시 금천구 시흥대로115길 48,(독산동),02-804-1777,http://www.gasan.ms.kr,남여공학,02-892-8477, ,N,일반계, ,전기,주간,19700810,19710303,20230615
B10,서울특별시교육청,7130166,가원중학교,Gawon Middle School,중학교,서울특별시,서울특별시강동송파교육지원청,공립,05831 ,서울특별시 송파구 중대로10길 40-18,(가락동/가원중학교),02-409-2179,www.gawon.ms.kr,남여공학,02-443-5825, ,N,일반계, ,전기,주간,19881224,19881224,20230615
B10,서울특별시교육청,7031261,가재울중학교,Gajaeul Middle School,중학교,서울특별시,서울특별시서부교육지원청,공립,03790 ,서울특별시 서대문구 수색로 100-75,(북가좌동/ 가재울중학교),02-726-1700,http://gajaeul.sen.ms.kr,남여공학,02-726-1799, ,N,해당없음, ,후기,주간,20130301,20130521,20230615
B10,서울특별시교육청,7132123,강남중학교,Gangnam Middle School,중학교,서울특별시,서울특별시동작관악교육지원청,공립,06955 ,서울특별시 동작구 대방동15길 29,(대방동/ 강남중학교),02-814-5637,http://www.kangnam.ms.kr,남여공학,02-823-4226, ,N,일반계, ,전기,주간,19590403,19590403,20230615
B10,서울특별시교육청,7130167,강동중학교,GANGDONG MIDDLE SCHOOL,중학교,서울특별시,서울특별시강동송파교육지원청,공립,05208 ,서울특별시 강동구 풍산로 237,/ 강동중학교 (강일동),02-481-1503,http://www.gang-dong.ms.kr,남여공학,02-481-1504, ,N,해당없음, ,전기,주간,20100301,20100301,20230615
B10,서울특별시교육청,7130168,강명중학교,GANGMYOUNG MIDDLE SCHOOL,중학교,서울특별시,서울특별시강동송파교육지원청,공립,05285 ,서울특별시 강동구 상일로12길 56,(강일동/ 강명중학교),02-440-3200,http://www.gangmyoung.ms.kr,남여공학,02-428-7377, ,N,해당없음, ,전기,주간,20120301,20120506,20230705
B10,서울특별시교육청,7121341,강북중학교,Kangbuk Middle School,중학교,서울특별시,서울특별시성북강북교육지원청,공립,01051 ,서울특별시 강북구 한천로150길 67,(수유동/ 강북중학교),02-999-4104,http://www.kangbuk.ms.kr/,남여공학,02-993-3465, ,N,일반계, ,전기,주간,19801227,19801227,20230615
B10,서울특별시교육청,7130268,강빛중학교,Gangbit middle school,중학교,서울특별시,서울특별시강동송파교육지원청,공립,05201 ,서울특별시 강동구 아리수로93다길 1,(강일동/ 강빛초중통합학교),02-6951-3964,http://gbm.sen.ms.kr,남여공학,02-6951-3966, ,N, , ,전후기,주간,20210301,20210301,20230615
B10,서울특별시교육청,7081484,강신중학교,Kangsin Middle School,중학교,서울특별시,서울특별시강서양천교육지원청,공립,08047 ,서울특별시 양천구 남부순환로 604,(신월동/강신중학교),02-2694-9623,http://kangsin.sen.ms.kr,남여공학,02-2699-3253, ,N,일반계, ,전기,주간,19881224,19881224,20230615
B10,서울특별시교육청,7130169,강일중학교,Gang-il Middle School,중학교,서울특별시,서울특별시강동송파교육지원청,공립,05236 ,서울특별시 강동구 고덕로27길 12,(암사동414-17),02-441-4651,http://www.kangil.ms.kr,남여공학,02-441-4677, ,N,일반계, ,전기,주간,19821209,19830415,20230615
B10,서울특별시교육청,7132124,강현중학교,Gang-hyeon Middle School,중학교,서울특별시,서울특별시동작관악교육지원청,공립,06953 ,서울특별시 동작구 상도로13라길 22,/ 강현중학교 (상도동),02-815-3939,http://sganghyeon.sen.ms.kr,남여공학,02-817-9162, ,N,일반계, ,전기,주간,19680806,19680806,20230615
B10,서울특별시교육청,7041165,개봉중학교,Gaebong Middle School,중학교,서울특별시,서울특별시남부교육지원청,공립,08250 ,서울특별시 구로구 고척로21나길 68,(개봉동),02-3660-2400,http://gaebong.sen.ms.kr,남여공학,02-2688-9514, ,N,일반계, ,전기,주간,19840504,19840504,20230615
B10,서울특별시교육청,7121342,개운중학교,Gaewoon Middle School,중학교,서울특별시,서울특별시성북강북교육지원청,공립,02808 ,서울특별시 성북구 북악산로 935,(돈암동/개운중학교),02-3291-5492,http://www.gw.ms.kr,남여공학,02-3291-5495, ,N,해당없음, ,전기,주간,20060301,20060301,20230615
B10,서울특별시교육청,7041166,개웅중학교,Kaewoong Middle School,중학교,서울특별시,서울특별시남부교육지원청,공립,08351 ,서울특별시 구로구 개봉로11길 81,/ 개웅중학교 (개봉동/개웅중학교),02-2613-3342,http://www.kaewoong.ms.kr,남여공학,02-2616-7618, ,N,일반계, ,전기,주간,19870212,19870212,20230615
B10,서울특별시교육청,7091420,개원중학교,Gaewon Middle School,중학교,서울특별시,서울특별시강남서초교육지원청,공립,06328 ,서울특별시 강남구 영동대로 101,/ 개원중학교 (개포동/개원중학교),02-3411-8321,http://gaewon.sen.ms.kr,남여공학,02-3411-8329, ,N,일반계, ,전기,주간,19841204,19841204,20230615
B10,서울특별시교육청,7091421,개포중학교,Gaepo Middle School,중학교,서울특별시,서울특별시강남서초교육지원청,공립,06321 ,서울특별시 강남구 선릉로 9,(개포동/개포중학교),02-571-1361,http://www.gaepo.ms.kr,남여공학,02-578-3823, ,N,일반계, ,전기,주간,19821209,19830422,20231231
B10,서울특별시교육청,7130170,거원중학교,Geowon Middle School,중학교,서울특별시,서울특별시강동송파교육지원청,공립,05789 ,서울특별시 송파구 양산로2길 30,(거여동/거원중학교),02-405-4205,http://www.geowon.ms.kr,남여공학,02-405-4204, ,N,일반계, ,전기,주간,19971220,19980406,20230615
B10,서울특별시교육청,7134119,건국대학교사범대학부속중학교,"Middle School Attached To College of Education, KONKUK University",중학교,서울특별시,서울특별시성동광진교육지원청,사립,05025 ,서울특별시 광진구 자양로 145-1,건국대학교사범대학부속중학교,02-457-0318,http://konkuk.sen.ms.kr,남여공학,02-458-7427, ,N,일반계, ,전기,주간,19671230,19680515,20230615
B10,서울특별시교육청,7081485,경서중학교,Gyeongseo Middle School,중학교,서울특별시,서울특별시강서양천교육지원청,공립,07533 ,서울특별시 강서구 양천로59길 31,(가양동),02-2668-0304,http://gyeongseo.sen.ms.kr,남여공학,02-2668-6816, ,N,일반계, ,전기,주간,19500901,19930404,20230615
B10,서울특별시교육청,7031179,경성중학교,Gyeongseong Middle School,중학교,서울특별시,서울특별시서부교육지원청,사립,03977 ,서울특별시 마포구 성미산로 111,/ 경성중학교 (연남동/경성중고등학교),02-3140-1114,http://www.gyeongseong.ms.kr,남,02-334-7533, ,N,일반계, ,전기,주간,19670902,19671023,20230615
B10,서울특별시교육청,7134120,경수중학교,Gyeongsu Middle School,중학교,서울특별시,서울특별시성동광진교육지원청,공립,04785 ,서울특별시 성동구 뚝섬로13길 14,(성수동2가),02-464-0675,http://www.gsu.ms.kr,남여공학,02-497-0296, ,N,일반계, ,전기,주간,19801227,19810504,20230615
B10,서울특별시교육청,7061094,경신중학교,Kyungshin Middle School,중학교,서울특별시,서울특별시중부교육지원청,사립,03067 ,서울특별시 종로구 혜화로 74,(혜화동/경신중고등학교),02-762-0313,https://ksms.sen.ms.kr,남,02-763-6034, ,N,일반계, ,전기,주간,18850509,18850509,20230615
B10,서울특별시교육청,7091422,경원중학교,Gyeongwon Middle School,중학교,서울특별시,서울특별시강남서초교육지원청,공립,06521 ,서울특별시 서초구 신반포로33길 39,(잠원동/경원중학교),02-593-6578,http://gyeongwon.sen.ms.kr,남여공학,02-599-0418, ,N,일반계, ,전기,주간,19810301,19810301,20230615
B10,서울특별시교육청,7041167,경인중학교,Kyeongin Middle School,중학교,서울특별시,서울특별시남부교육지원청,공립,08238 ,서울특별시 구로구 경인로 301,(개봉동),02-2612-3471,kyeongin.sen.ms.kr,남여공학,02-2616-0649, ,N,일반계, ,전기,주간,19691111,19691111,20230615
B10,서울특별시교육청,7134121,경일중학교,Kyungil Middle School,중학교,서울특별시,서울특별시성동광진교육지원청,공립,04779 ,서울특별시 성동구 성수일로 27,(성수동1가),02-468-0651,http://kyungil.ms.kr,남여공학,02-468-2766, ,N,해당없음, ,전기,주간,20031230,20040506,20230615
B10,서울특별시교육청,7021122,경희여자중학교,Kyunghee Girls’ Middle School,중학교,서울특별시,서울특별시동부교육지원청,사립,02447 ,서울특별시 동대문구 경희대로 26,(회기동),02-2250-8888,http://kyungheegls.sen.ms.kr,여,02-965-5998, ,N,일반계, ,전기,주간,19600209,19600518,20230615
B10,서울특별시교육청,7021123,경희중학교,Kyunghee Middle School,중학교,서울특별시,서울특별시동부교육지원청,사립,02447 ,서울특별시 동대문구 경희대로 26,/ 경희중학교 (회기동),02-966-6402,http://www.kyunghee.ms.kr,남,02-962-3644, ,N,일반계, ,전기,주간,19591212,19600415,20230615
B10,서울특별시교육청,7130171,고덕중학교,Godeok Middle School,중학교,서울특별시,서울특별시강동송파교육지원청,공립,05225 ,서울특별시 강동구 동남로82길 94,(고덕동),02-2045-6000,http://www.godeok.ms.kr,남여공학,02-2045-6097, ,N,일반계, ,전기,주간,19841130,19841130,20230615
B10,서울특별시교육청,7121358,고려대학교사범대학부속중학교,Korea University Middle School,중학교,서울특별시,서울특별시성북강북교육지원청,사립,02708 ,서울특별시 성북구 정릉로 161,(정릉동/고려대학교사범대학부속중학교),02-914-8853,http://www.koryo.ms.kr,남여공학,02-942-5626, ,N,일반계, ,전기,주간,19680311,19680311,20230615
B10,서울특별시교육청,7121359,고명중학교,Komyung Middle School,중학교,서울특별시,서울특별시성북강북교육지원청,사립,02828 ,서울특별시 성북구 북악산로 870,(돈암동/고명중학교),02-926-2837,http://komyung.sen.ms.kr,남,02-921-8443, ,N,일반계, ,전기,주간,19550315,19550520,20230615
B10,서울특별시교육청,7041168,고척중학교,Gocheok Middle School,중학교,서울특별시,서울특별시남부교육지원청,공립,08225 ,서울특별시 구로구 중앙로3길 20,/ 고척중학교 (고척동),02-6917-7101,http://www.gocheok.ms.kr,남여공학,02-2615-9386, ,N,일반계, ,전기,주간,19841208,19850506,20230615
B10,서울특별시교육청,7051174,공릉중학교,Kongrung Middle School,중학교,서울특별시,서울특별시북부교육지원청,공립,01823 ,서울특별시 노원구 노원로1길 42,(공릉동/공릉중학교),02-971-5212,http://kongrung.sen.ms.kr,남여공학,02-948-2717, ,N,일반계, ,전기,주간,19841208,19850430,20230615
B10,서울특별시교육청,7081487,공항중학교,Gonghang Middle School,중학교,서울특별시,서울특별시강서양천교육지원청,공립,07618 ,서울특별시 강서구 방화대로 241,(공항동/공항중학교),02-2662-0471,http://gonghang.ms.kr,남여공학,02-2667-0739, ,N,일반계, ,전기,주간,19550428,19550428,20230615
B10,서울특별시교육청,7132125,관악중학교,Gwanak Middle School,중학교,서울특별시,서울특별시동작관악교육지원청,공립,08741 ,서울특별시 관악구 남부순환로237길 60,/ 관악중학교 (봉천동),02-889-1782,http://www.gwanak.ms.kr,남여공학,02-872-6335, ,N,일반계, ,전기,주간,19810225,19820501,20230615
B10,서울특별시교육청,7134122,광남중학교,Gwangnam Middle School,중학교,서울특별시,서울특별시성동광진교육지원청,공립,04973 ,서울특별시 광진구 아차산로70길 17-62,/ 광남중학교 (광장동),02-456-8792,http://www.gwangnam.ms.kr,남여공학,02-455-0161/453-2818, ,N,일반계, ,전기,주간,19930116,19930504,20230615
B10,서울특별시교육청,7031180,광성중학교,Kwangsung Middle School,중학교,서울특별시,서울특별시서부교육지원청,사립,04097 ,서울 마포구 신수로8길 20,(신수동/광성중고등학교),02-703-3456,http://www.kwangsung.ms.kr,남,02-3273-5120, ,N,일반계, ,전기,주간,18940406,18940406,20230615
B10,서울특별시교육청,7132126,광신중학교,Kwangshin Middle School,중학교,서울특별시,서울특별시동작관악교육지원청,사립,08847 ,서울특별시 관악구 광신길 141,/ 광신중학교 (신림동),02-881-8652,http://www.kwangshin.ms.kr,남여공학,02-887-3075, ,N,일반계, ,전기,주간,19511010,19511010,20230615
B10,서울특별시교육청,7134123,광양중학교,Kwangyang Middle School,중학교,서울특별시,서울특별시성동광진교육지원청,공립,05104 ,서울특별시 광진구 자양로3길 7,(자양동),02-452-6922,http://kwangyang.sen.ms.kr,남여공학,02-452-6923, ,N,일반계, ,전기,주간,19860129,19860418,20230615
B10,서울특별시교육청,7051175,광운중학교,Kwangwoon Middle school,중학교,서울특별시,서울특별시북부교육지원청,사립,01890 ,서울특별시 노원구 광운로1길 24,(월계동/광운중학교),02-942-2293,http://www.kwangwoon.ms.kr,남,02-942-2373, ,N,일반계, ,전기,주간,19641207,19650520,20230615
B10,서울특별시교육청,7134124,광장중학교,Gwangjang Middle School,중학교,서울특별시,서울특별시성동광진교육지원청,공립,04966 ,서울특별시 광진구 광장로1길 1,/ 광장중학교 (광장동),02-452-0745,http://www.gwangjang.ms.kr,남여공학,02-444-5692, ,N,일반계, ,전기,주간,19821209,19830406,20230615
B10,서울특별시교육청,7134125,광진중학교,Gwangjin Middle School,중학교,서울특별시,서울특별시성동광진교육지원청,공립,05114 ,서울특별시 광진구 뚝섬로64길 45,(자양동/광진중학교),02-447-2886,http://gwangjin.ms.kr,남여공학,02-3436-1508, ,N,일반계, ,전기,주간,19790901,19791010,20230615
B10,서울특별시교육청,7134126,광희중학교,Kwanghee Middle School,중학교,서울특별시,서울특별시성동광진교육지원청,공립,04742 ,서울특별시 성동구 독서당로62길 46,/ 광희중학교 (응봉동),02-2298-0250,http://www.kwanghee.ms.kr,남여공학,02-2298-0252, ,N,일반계, ,전기,주간,19370521,19370521,20230615
B10,서울특별시교육청,7041169,구로중학교,Guro Middle School,중학교,서울특별시,서울특별시남부교육지원청,공립,08303 ,서울특별시 구로구 구로중앙로 48,(구로동),02-864-4233,http://www.guro.ms.kr,남여공학,02-851-9604, ,N,일반계, ,전기,주간,19780105,19780105,20230615
B10,서울특별시교육청,7091423,구룡중학교,Guryoung Middle School,중학교,서울특별시,서울특별시강남서초교육지원청,공립,06318 ,서울특별시 강남구 선릉로 103,(개포동/구룡중학교),02-577-3708,http://gury.sen.ms.kr/,남여공학,02-577-3704, ,N,일반계, ,전기,주간,19881224,19890418,20230615
B10,서울특별시교육청,7031181,구산중학교,Gusan Middle School,중학교,서울특별시,서울특별시서부교육지원청,공립,03429 ,서울특별시 은평구 갈현로15길 20-23,(구산동/구산중학교),02-389-8785,http://gusanjung.ms.kr,남여공학,02-385-3098, ,N,일반계, ,전기,주간,19811209,19830419,20230624
B10,서울특별시교육청,7132127,구암중학교,Guahm Middle School,중학교,서울특별시,서울특별시동작관악교육지원청,공립,08723 ,서울특별시 관악구 성현로 53,(봉천동),02-881-2900,http://www.guahm.ms.kr/,남여공학,02-885-6757, ,N,해당없음, ,전기,주간,20040301,20040607,20230615
B10,서울특별시교육청,7134127,구의중학교,Guui Middle School,중학교,서울특별시,서울특별시성동광진교육지원청,공립,05022 ,서울특별시 광진구 광나루로30길 80,(화양동),02-447-4798,http://www.guui.ms.kr,남여공학,02-455-5061, ,N,일반계, ,전기,주간,19840430,19840430,20230615
B10,서울특별시교육청,7041170,구일중학교,Guil Middle School,중학교,서울특별시,서울특별시남부교육지원청,공립,08324 ,서울특별시 구로구 구일로 90-133,(구로동),02-2107-9104,http://kuil.ms.kr,남여공학,02-837-1898, ,N,일반계, ,전기,주간,19900120,19900120,20230615
B10,서울특별시교육청,7132128,국사봉중학교,Kuksabong Middle School,중학교,서울특별시,서울특별시동작관악교육지원청,공립,07038 ,서울특별시 동작구 양녕로20길 20,/ 국사봉중학교 (상도동),02-823-8715,http://www.kuksabong.ms.kr,남여공학,02-823-7531, ,N,일반계, ,전기,주간,19860119,19860423,20230615
B10,서울특별시교육청,7081488,금옥중학교,Geumok Middle School,중학교,서울특별시,서울특별시강서양천교육지원청,공립,08080 ,서울특별시 양천구 신정로 213,/ 금옥중학교 (신정동),02-2696-1202,geumok.sen.ms.kr,남여공학,02-2698-1339, ,N,일반계, ,전기,주간,19810301,19810502,20230615
B10,서울특별시교육청,7061095,금호여자중학교,Kumho Girls Middle School,중학교,서울특별시,서울특별시중부교육지원청,공립,04587 ,서울특별시 중구 청구로 6,", 금호여자중학교 본관동(주1) (신당동)",070-4050-5660,http://kumho.sen.ms.kr,여,070-4050-5645, ,N,일반계, ,전기,주간,19680806,19680806,20240310
B10,서울특별시교육청,7121357,길음중학교,Gireum Middle School,중학교,서울특별시,서울특별시성북강북교육지원청,공립,02723 ,서울특별시 성북구 길음로 144 ,/ 길음중학교 (길음동),02-910-8770,http://www.gireum.ms.kr,남여공학,02-910-8769, ,N,해당없음, ,전기,주간,20120301,20120301,20230615
B10,서울특별시교육청,7041171,난곡중학교,Nangok Middle School,중학교,서울특별시,서울특별시남부교육지원청,공립,08549 ,서울특별시 금천구 문성로 67,(독산동),02-2283-5200,http://nangok.sen.ms.kr,남여공학,02-859-2141, ,N,일반계, ,전기,주간,19800124,19800506,20230615
B10,서울특별시교육청,7132129,난우중학교,Nanwoo Middle School,중학교,서울특별시,서울특별시동작관악교육지원청,공립,08857 ,서울특별시 관악구 난곡로16길 32,/ 난우중학교 (신림동),02-864-4017,http://www.nanwoo.ms.kr,남여공학,02-867-6253, ,N,일반계, ,전기,주간,19840423,19840423,20230615
B10,서울특별시교육청,7132130,남강중학교,Namkang Middle School,중학교,서울특별시,서울특별시동작관악교육지원청,사립,08854 ,서울특별시 관악구 난곡로34길 80,(신림동/남강중고등학교),02-839-1709,http://www.namkang.ms.kr,남,02-839-1712, ,N,일반계, ,전기,주간,19710130,19710329,20230615
B10,서울특별시교육청,7121360,남대문중학교,Namdaemun Middle School,중학교,서울특별시,서울특별시성북강북교육지원청,사립,02763 ,서울특별시 성북구 한천로 660-30,(장위동/ 남대문중학교),02-942-3184,http://namdaemoon.sen.ms.kr,남,02-942-3185, ,N,일반계, ,전기,주간,19340520,19340520,20230615
B10,서울특별시교육청,7132131,남서울중학교,Namseoul Middle School,중학교,서울특별시,서울특별시동작관악교육지원청,공립,08773 ,서울특별시 관악구 남부순환로172길 97,/ 남서울중학교 (신림동),02-855-9832,http://namseoul.sen.ms.kr,남여공학,02-851-0637, ,N,일반계, ,전기,주간,19641112,19641112,20230615
B10,서울특별시교육청,7132132,남성중학교,Namsung Middle School,중학교,서울특별시,서울특별시동작관악교육지원청,공립,07022 ,서울특별시 동작구 남부순환로269길 166,(사당동/남성중학교),02-520-7500,http://www.namsung.ms.kr,남여공학,02-520-7589, ,N,일반계, ,전기,주간,19821209,19830429,20230615
B10,서울특별시교육청,7091486,내곡중학교,NAEGOK MIDDLE SCHOOL,중학교,서울특별시,서울특별시강남서초교육지원청,공립,06799 ,서울특별시 서초구 청계산로7길 9-20,(신원동),02-571-9532,https://naegok.sen.ms.kr,남여공학,02-571-9533, ,N,해당없음, ,후기,주간,20180208,20180501,20230615
B10,서울특별시교육청,7051176,노곡중학교,Nogok Middle School,중학교,서울특별시,서울특별시북부교육지원청,공립,01419 ,서울특별시 도봉구 노해로70길 95,(창동/노곡중학교),02-996-5232,http://www.nogok.ms.kr,남여공학,02-996-5260, ,N,일반계, ,전기,주간,19881219,19890506,20230615
B10,서울특별시교육청,7051177,노원중학교,Nowon Middle School,중학교,서울특별시,서울특별시북부교육지원청,공립,01764 ,서울특별시 노원구 동일로213길 26,(상계동/노원중학교),02-3391-6921,http://nowon.sen.ms.kr,남여공학,02-934-9953, ,N,일반계, ,전기,주간,19881224,19890504,20230615
B10,서울특별시교육청,7051178,노일중학교,Noil Middle School,중학교,서울특별시,서울특별시북부교육지원청,공립,01613 ,서울특별시 노원구 동일로231길 24,/ 노일중학교 (상계동),02-3391-0092,http://noil.sen.ms.kr,남여공학,02-938-9951, ,N,일반계, ,전기,주간,19950301,19950504,20230615
B10,서울특별시교육청,7051179,녹천중학교,Nokcheon Middle School,중학교,서울특별시,서울특별시북부교육지원청,공립,01905 ,서울특별시 노원구 월계로 376,(월계동),02-978-4592,http://www.nokcheon.ms.kr,남여공학,02-978-4594, ,N,일반계, ,전기,주간,19950110,19950506,20230615
B10,서울특별시교육청,7091449,단국대학교사범대학부속중학교,DANKOOK UNIVERSITY MIDDLE SCHOOL,중학교,서울특별시,서울특별시강남서초교육지원청,사립,06278 ,서울특별시 강남구 도곡로64길 21,(대치동),02-2191-2600,http://www.dankook.ms.kr/,남,02-557-6837, ,N,일반계, ,전기,주간,19410525,19471103,20230615
B10,서울특별시교육청,7132133,당곡중학교,Dang-gok Middle School,중학교,서울특별시,서울특별시동작관악교육지원청,공립,08711 ,서울특별시 관악구 봉천로13길 101,/ 당곡중학교 (봉천동),02-870-7700,http://www.danggok.ms.kr,남여공학,02-871-9146, ,N,일반계, ,전기,주간,19821209,19830509,20230615
B10,서울특별시교육청,7041172,당산서중학교,Dangsanseo Middle School,중학교,서울특별시,서울특별시남부교육지원청,공립,07213 ,서울특별시 영등포구 당산로41길 12,(당산동5가/당산서중학교),02-2676-0962,http://dangsanseo.sen.ms.kr,남여공학,02-2632-5436, ,N,일반계, ,전기,주간,19821209,19821209,20230615
B10,서울특별시교육청,7041173,당산중학교,Dangsan Middle School,중학교,서울특별시,서울특별시남부교육지원청,공립,07224 ,서울특별시 영등포구 버드나루로 160,(당산동),02-2177-9900,http://dangsan.ms.kr,남여공학,02-2177-9911, ,N,일반계, ,전기,주간,19680806,19681002,20230615
B10,서울특별시교육청,7061096,대경중학교,Daekyeong Middle School,중학교,서울특별시,서울특별시중부교육지원청,사립,04592 ,서울특별시 중구 매봉18길 111,(신당동),02-2235-5158,https://dk.sen.ms.kr,남여공학,02-2236-9146, ,N,일반계, ,전기,주간,19560228,19560416,20230615
B10,서울특별시교육청,7021124,대광중학교,Daegwang Middle School,중학교,서울특별시,서울특별시동부교육지원청,사립,02581 ,서울특별시 동대문구 안암로 6,(신설동),02-940-2206,http://www.dgm.ms.kr,남여공학,02-925-2975, ,N,일반계, ,전기,주간,19471125,19471025,20230615
B10,서울특별시교육청,7041174,대림중학교,Daerim Middle School,중학교,서울특별시,서울특별시남부교육지원청,공립,07442 ,서울특별시 영등포구 시흥대로185길 6,(대림동/대림중학교),02-845-2171,http://www.daerim.ms.kr,남여공학,02-845-8478, ,N,일반계, ,전기,주간,19840109,19840419,20230615
B10,서울특별시교육청,7091424,대명중학교,Daemyeong Middle School,중학교,서울특별시,서울특별시강남서초교육지원청,공립,06183 ,서울특별시 강남구 역삼로87길 26,(대치동/ 대명중학교),02-563-3701,http://www.daemyeong.ms.kr,남여공학,02-565-3404, ,N,일반계, ,전기,주간,19900120,19900501,20230615
B10,서울특별시교육청,7132134,대방중학교,Daebang Middle School,중학교,서울특별시,서울특별시동작관악교육지원청,공립,07064 ,서울특별시 동작구 여의대방로10길 24,(신대방동/ 대방중학교),02-831-2502,http://daebang.sen.ms.kr,남여공학,02-848-7340, ,N,일반계, ,전기,주간,19720901,19720901,20230615
B10,서울특별시교육청,7031182,대성중학교,Daeseong Middle School,중학교,서울특별시,서울특별시서부교육지원청,사립,03322 ,서울특별시 은평구 갈현로29길 51-24,/ 대성중학교 (갈현동),02-6252-1100,https://dsms.sen.ms.kr,남,02-386-2534, ,N,일반계, ,전기,주간,19690115,19690115,20230615
B10,서울특별시교육청,7061097,대신중학교,Daeshin Middle School,중학교,서울특별시,서울특별시중부교육지원청,사립,03029 ,서울특별시 종로구 사직로 9,(행촌동),02-736-0318,http://dae-shin.sen.ms.kr,남,070-8668-1995, ,N,일반계, ,전기,주간,19380405,19380405,20230615
B10,서울특별시교육청,7041175,대영중학교,Daeyeong Middle School,중학교,서울특별시,서울특별시남부교육지원청,공립,07397 ,서울특별시 영등포구 도림로80가길 14,(신길동/대영중학교),02-848-7781,http://daeyoung.ms.kr,남여공학,02-831-5270, ,N,일반계, ,전기,주간,19880202,19880502,20230615
B10,서울특별시교육청,7091425,대왕중학교,Daewang Middle School,중학교,서울특별시,서울특별시강남서초교육지원청,공립,06362 ,서울특별시 강남구 광평로20길 7,(수서동/ 대왕중학교),02-2226-2646,http://www.daewang.ms.kr,남여공학,02-2226-2640, ,N,일반계, ,전기,주간,19940105,19940506,20230615
B10,서울특별시교육청,7134130,대원국제중학교,Daewon International Middle School,중학교,서울특별시,서울특별시성동광진교육지원청,사립,04939 ,서울특별시 광진구 용마산로22길 26,/ 대원국제중학교 (중곡동),02-2204-1592,http://daewon.ms.kr,남여공학,02-2204-1583, ,N,일반계, ,전기,주간,19770520,19770520,20230615
B10,서울특별시교육청,7091426,대청중학교,Daecheong Middle School,중학교,서울특별시,서울특별시강남서초교육지원청,공립,06289 ,서울특별시 강남구 양재천로 321,(대치동/ 대청중학교),02-553-9830,http://daecheong.sen.ms.kr,남여공학,02-561-6224, ,N,일반계, ,전기,주간,19870506,19870506,20230615
B10,서울특별시교육청,7091427,대치중학교,Daechi Middle School,중학교,서울특별시,서울특별시강남서초교육지원청,공립,06299 ,서울특별시 강남구 남부순환로378길 39,(도곡동/대치중학교),02-572-9781,http://daechi.sen.ms.kr,남여공학,02-579-7315, ,N,일반계, ,전기,주간,19860129,19860129,20230615
B10,서울특별시교육청,7031183,덕산중학교,Duksan Middle School,중학교,서울특별시,서울특별시서부교육지원청,공립,03433 ,서울특별시 은평구 가좌로 400,(신사동),02-3146-7200,http://www.duksan.ms.kr,남여공학,02-3146-7210, ,N,일반계, ,전기,주간,19880202,19880419,20230615
B10,서울특별시교육청,7061098,덕성여자중학교,Duksung Girls’ Middle School,중학교,서울특별시,서울특별시중부교육지원청,사립,03062 ,서울특별시 종로구 율곡로3길 49,(송현동),02-733-4807,http://duksung.ms.kr,여,02-720-0972, ,N,일반계, ,전기,주간,19200419,19461001,20230615
B10,서울특별시교육청,7061099,덕수중학교,Ducksu Middle School,중학교,서울특별시,서울특별시중부교육지원청,공립,04548 ,서울 중구 마른내로9길 10,(인현동2가/덕수중학교),02-2265-9063,http://www.ducksu.ms.kr,남여공학,02-2269-2742, ,N,일반계, ,전기,주간,19100413,19100413,20230615
B10,서울특별시교육청,7081516,덕원중학교,Deokwon Middle School,중학교,서울특별시,서울특별시강서양천교육지원청,사립,07640 ,서울특별시 강서구 강서로45길 91-44,(내발산동/덕원중학교),02-2660-7955,http://deokwon.sen.ms.kr,남여공학,02-2660-7978, ,N,일반계, ,전기,주간,19780429,19780429,20230615
B10,서울특별시교육청,7091428,도곡중학교,Dogok Middle School,중학교,서울특별시,서울특별시강남서초교육지원청,공립,06273 ,서울특별시 강남구 언주로57길 31,(도곡동/도곡중학교),02-3462-5951,http://dogok.sen.ms.kr,남여공학,02-3461-7393, ,N,일반계, ,전기,주간,19910121,19910423,20230705
B10,서울특별시교육청,7051180,도봉중학교,Dobong Middle School,중학교,서울특별시,서울특별시북부교육지원청,공립,01329 ,서울특별시 도봉구 마들로 671,(도봉동/도봉중학교),02-954-4117,http://www.dobong.ms.kr,남여공학,02-955-9112, ,N,일반계, ,전기,주간,19710901,19711025,20230615
B10,서울특별시교육청,7121361,동구여자중학교,Dong-gu Girls’ Middle School,중학교,서울특별시,서울특별시성북강북교육지원청,사립,02834 ,서울특별시 성북구 성북로8길 71,(성북동/동구여자중학교),02-762-1304,http://www.dong-gu.ms.kr,여,02-762-0308, ,N,일반계, ,전기,주간,19420617,19420617,20230615
B10,서울특별시교육청,7134128,동국대학교사범대학부속여자중학교,Girls Middle School Attached to College of Education/ Dongguk University,중학교,서울특별시,서울특별시성동광진교육지원청,사립,05038 ,서울특별시 광진구 광나루로36길 47,/ 동국대학교사범대학부속여자중학교 (구의동),02-6948-2280-2,http://donggukgirls.sen.ms.kr,여,02-6948-2288, ,N,일반계, ,전기,주간,19300620,19300620,20240310
B10,서울특별시교육청,7021125,동국대학교사범대학부속중학교,Middle School Attached to College of Education Dongguk University,중학교,서울특별시,서울특별시동부교육지원청,사립,02520 ,서울특별시 동대문구 장안벚꽃로 201,(장안동),02-6716-1700,http://dongguk.ms.kr,남,02-6716-1804, ,N,일반계, ,전기,주간,19470624,19470624,20230615
B10,서울특별시교육청,7021126,동대문중학교,Dongdaemun Middle School,중학교,서울특별시,서울특별시동부교육지원청,공립,02553 ,서울특별시 동대문구 사가정로 59,/ 동대문중학교 (전농동),02-3407-4231,http://dongdaemun.sen.ms.kr,남여공학,02-2212-1665, ,N,일반계, ,전기,주간,19630123,19630318,20230615
B10,서울특별시교육청,7091450,동덕여자중학교,Dong Duk Girls’ Middle School,중학교,서울특별시,서울특별시강남서초교육지원청,사립,06700 ,서울특별시 서초구 효령로2길 123-5,(방배동/동덕여자중고등학교),02-586-5417,http://dongduk.sen.ms.kr,여,02-582-5428, ,N,일반계, ,전기,주간,19080427,19100427,20230615
B10,서울특별시교육청,7031184,동도중학교,Dongdo Middle School,중학교,서울특별시,서울특별시서부교육지원청,사립,04140 ,서울특별시 마포구 백범로 139,동도중학교,02-716-5391,http://www.dong-do.ms.kr,남여공학,02-716-5392, ,N,일반계, ,전기,주간,19550409,19620628,20230615
B10,서울특별시교육청,7134129,동마중학교,Dongma Middle School,중학교,서울특별시,서울특별시성동광진교육지원청,공립,04759 ,서울특별시 성동구 마조로11길 18,(마장동),02-2294-6085,http://www.dongma.ms.kr,남여공학,02-2298-0413, ,N,일반계, ,전기,주간,19841208,19850426,20230615
B10,서울특별시교육청,7031185,동명여자중학교,Dongmyung Girls’ Middle School,중학교,서울특별시,서울특별시서부교육지원청,사립,03735 ,서울특별시 서대문구 독립문로 49,(천연동),02-363-5043,http://www.dongmyunggirls.ms.kr,여,02-363-5044, ,N,일반계, ,전기,주간,19210603,19210603,20240324
B10,서울특별시교육청,7130172,동북중학교,Dongbuk Middle School,중학교,서울특별시,서울특별시강동송파교육지원청,사립,05412 ,서울특별시 강동구 강동대로 305,(둔촌동),02-477-2280,http://www.dongbuk.ms.kr,남,02-475-4985, ,N,일반계, ,전기,주간,19530604,19530604,20230615
B10,서울특별시교육청,7061100,동성중학교,Dongsung Middle School,중학교,서울특별시,서울특별시중부교육지원청,사립,03083 ,서울특별시 종로구 대학로 156,(혜화동),02-3671-9101,sds.sen.ms.kr,남,02-764-9855, ,N,일반계, ,전기,주간,19070908,19381208,20230615
B10,서울특별시교육청,7130173,동신중학교,Dongshin Middle School,중학교,서울특별시,서울특별시강동송파교육지원청,사립,05339 ,서울특별시 강동구 진황도로 72,(천호동/ 동신중학교),02-3784-3938,http://dongshin.sen.ms.kr,남여공학,02-3784-3944, ,N,일반계, ,전기,주간,19500516,19500516,20230615
B10,서울특별시교육청,7132135,동양중학교,Dongyang Middle School,중학교,서울특별시,서울특별시동작관악교육지원청,사립,06910 ,서울특별시 동작구 흑석로9길 94,/ 동양중학교 (흑석동),02-814-9651,https://dongyang.sen.ms.kr,남,02-823-6306, ,N,일반계, ,전기,주간,19510303,19510303,20230615
B10,서울특별시교육청,7021127,동원중학교,Dongwon Middle School,중학교,서울특별시,서울특별시동부교육지원청,공립,02062 ,서울특별시 중랑구 양원역로 32,(망우동/ 동원중학교),02-493-8129,http://www.tongwon.ms.kr,남여공학,02-493-0094, ,N,일반계, ,전기,주간,19860129,19860506,20230615
B10,서울특별시교육청,7041176,동일중학교,Dongil Middle School　,중학교,서울특별시,서울특별시남부교육지원청,사립,08656 ,서울특별시 금천구 탑골로10길 45,(시흥동),02-802-0991,http://www.dongil.ms.kr,남여공학,02-892-7261, ,N,일반계, ,전기,주간,19681216,19690306,20230615
B10,서울특별시교육청,7132136,동작중학교,Dongjak Middle School,중학교,서울특별시,서울특별시동작관악교육지원청,공립,06992 ,서울특별시 동작구 동작대로39가길 83,(동작동),02-591-6595,http://dongjak.ms.kr,남여공학,02-535-7156, ,N,일반계, ,전기,주간,19841208,19841208,20230615
B10,서울특별시교육청,7130174,둔촌중학교,Doonchon Middle School,중학교,서울특별시,서울특별시강동송파교육지원청,공립,05367 ,서울특별시 강동구 진황도로61길 25-30,(둔촌동),02-489-7100,http://doonchon.sen.ms.kr,남여공학,02-486-7627, ,N,일반계, ,전기,주간,19860129,19860129,20230615
B10,서울특별시교육청,7081489,등명중학교,Deungmyoung Middle School,중학교,서울특별시,서울특별시강서양천교육지원청,공립,07585 ,서울특별시 강서구 공항대로39길 39,(등촌동/등명중학교),02-2658-2727,http://www.deungmyoung.ms.kr,남여공학,02-2658-7198, ,N,일반계, ,전기,주간,19950110,19950506,20230615
B10,서울특별시교육청,7081490,등원중학교,Deungwon Middle School,중학교,서울특별시,서울특별시강서양천교육지원청,공립,07576 ,서울특별시 강서구 화곡로65길 50,(등촌동/등원중학교),02-2658-2707,http://www.deungwon.ms.kr,남여공학,02-2658-2709, ,N,일반계, ,전기,주간,19950504,19950504,20230615
B10,서울특별시교육청,7081517,등촌중학교,Deung-chon Middle School,중학교,서울특별시,서울특별시강서양천교육지원청,사립,07664 ,서울특별시 강서구 공항대로 484-12,(등촌동/등촌중학교),02-2653-0392,http://deungchon.sen.ms.kr,남여공학,02-2653-4969, ,N,일반계, ,전기,주간,19810130,19810130,20230615
B10,서울특별시교육청,7081515,마곡중학교,Magok Middle School,중학교,서울특별시,서울특별시강서양천교육지원청,공립,07598 ,서울특별시 강서구 마곡중앙5로 58,(마곡동),02-2666-8502,http://www.magok.ms.kr,남여공학,02-2666-8504, ,N,해당없음, ,후기,주간,20150109,20150302,20230615
B10,서울특별시교육청,7081540,마곡하늬중학교,MagokHanui,중학교,서울특별시,서울특별시강서양천교육지원청,공립,07810 ,서울특별시 강서구 마곡서1로 16,(마곡동),0269855900,http://magokhanui.sen.ms.kr,남여공학,0269855958, ,N, , ,전기,주간,20200301,20200301,20230615
B10,서울특별시교육청,7134131,마장중학교,Majang Junior High School,중학교,서울특별시,서울특별시성동광진교육지원청,공립,04753 ,서울특별시 성동구 마장로35나길 31,/ 마장중학교 (마장동),02-2282-2933,http://mj.sen.ms.kr,남여공학,02-2282-2656, ,N,해당없음, ,전기,주간,20050301,20050405,20230615
B10,서울특별시교육청,7081518,마포중학교,Mapo Middle School,중학교,서울특별시,서울특별시강서양천교육지원청,사립,07576 ,서울특별시 강서구 화곡로 403,/ 마포중학교 (전화 02-3663-2587),02-3663-2591,http://mapo.sen.ms.kr,남,02-3663-2593, ,N,일반계, ,전기,주간,19500601,19500601,20230615
B10,서울특별시교육청,7021128,면목중학교,Myeonmok Middle School,중학교,서울특별시,서울특별시동부교육지원청,공립,02193 ,서울특별시 중랑구 용마산로70길 37,/ 면목중학교 (면목동),02-437-0292,http://myonmok.sen.ms.kr,남여공학,02-437-0279, ,N,일반계, ,전기,주간,19811217,19810504,20231008
B10,서울특별시교육청,7081519,명덕여자중학교,Myungduk Girls’ Middle School,중학교,서울특별시,서울특별시강서양천교육지원청,사립,07633 ,서울특별시 강서구 강서로47길 34-10,(내발산동),02-2664-8813,http://myungduk.sen.ms.kr,여,02-2664-8846, ,N,일반계, ,전기,주간,19771230,19771015,20230615
B10,서울특별시교육청,7130175,명일중학교,Myungil Middle School,중학교,서울특별시,서울특별시강동송파교육지원청,공립,05230 ,서울특별시 강동구 양재대로156길 57,(고덕동/명일중학교),070-5102-5713,http://www.myungil.ms.kr,남여공학,02-429-4457, ,N,일반계, ,전기,주간,19840109,19840514,20230615
B10,서울특별시교육청,7031186,명지중학교,Myongji Middle School,중학교,서울특별시,서울특별시서부교육지원청,사립,03656 ,서울특별시 서대문구 명지2길 56,(홍은동),02-302-7072,http://www.myongji.sen.ms.kr,남여공학,02-303-6669, ,N,일반계, ,전기,주간,19480412,19480412,20230615
B10,서울특별시교육청,7081491,목동중학교,Mokdong Middle School,중학교,서울특별시,서울특별시강서양천교육지원청,공립,08010 ,서울특별시 양천구 목동동로 172,(신정동/목동중학교),02-2643-1103,http://www.mokdong.ms.kr,남여공학,02-2653-5848, ,N,일반계, ,전기,주간,19810301,19810520,20230615
B10,서울특별시교육청,7081492,목운중학교,Mogun Middle School,중학교,서울특별시,서울특별시강서양천교육지원청,공립,07996 ,서울특별시 양천구 목동동로 235,(목동/목운초.중학교),02-2651-4060,http://www.mogun.ms.kr,남여공학,02-2651-4063, ,N,해당없음, ,전기,주간,20090301,20090506,20230615
B10,서울특별시교육청,7081493,목일중학교,Mokil Middle School,중학교,서울특별시,서울특별시강서양천교육지원청,공립,08018 ,서울특별시 양천구 목동동로8길 70,(신정동/목일중학교),02-2646-0553,http://mokil.sen.ms.kr,남여공학,02-2648-5793, ,N,일반계, ,전기,주간,19861217,19870508,20230615
B10,서울특별시교육청,7134132,무학중학교,Muhak Middle School,중학교,서울특별시,서울특별시성동광진교육지원청,공립,04716 ,서울특별시 성동구 행당로 120,(행당동),02-2298-6141,http://muhakg.ms.kr,남여공학,02-2281-5821, ,N,일반계, ,전기,주간,19681001,19681001,20230615
B10,서울특별시교육청,7041177,문래중학교,Mullae Middle School,중학교,서울특별시,서울특별시남부교육지원청,공립,07283 ,서울특별시 영등포구 선유서로13길 6,(문래동6가/문래중학교),02-6712-0707,http://www.mullae.ms.kr,남여공학,02-6713-0377, ,N,일반계, ,전기,주간,19860129,19860504,20230615
B10,서울특별시교육청,7041178,문성중학교,Munseong Middle School,중학교,서울특별시,서울특별시남부교육지원청,공립,08551 ,서울특별시 금천구 독산로102길 78,/ 문성중학교 (독산동),02-858-8446,http://www.munseong.ms.kr,남여공학,02-838-8010, ,N,일반계, ,전기,주간,19900120,19900504,20230615
B10,서울특별시교육청,7041179,문일중학교,Moonil Middle School,중학교,서울특별시,서울특별시남부교육지원청,사립,08634 ,서울특별시 금천구 시흥대로47길 45,/ 문일중학교 (시흥동),02-891-6669,http://moonil.sen.ms.kr,남,02-805-3231, ,N,일반계, ,전기,주간,19671214,19671214,20230615
B10,서울특별시교육청,7130176,문정중학교,Munjeong Middle School,중학교,서울특별시,서울특별시강동송파교육지원청,공립,05797 ,서울특별시 송파구 문정로 73,(문정동/ 문정중학교),02-448-6348,http://munjeong.sen.ms.kr,남여공학,02-430-6063, ,N,일반계, ,전기,주간,19900120,19900120,20230615
B10,서울특별시교육청,7132137,문창중학교,Munchang Middle School,중학교,서울특별시,서울특별시동작관악교육지원청,공립,07057 ,서울특별시 동작구 여의대방로22나길 40,(신대방동),02-821-2359,http://www.munchang.ms.kr,남여공학,02-825-8733, ,N,일반계, ,전기,주간,19810508,19810508,20230615
B10,서울특별시교육청,7130177,문현중학교,MUNHYEON MIDDLE SCHOOL,중학교,서울특별시,서울특별시강동송파교육지원청,공립,05811 ,서울특별시 송파구 충민로 99,(장지동/ 문현중학교),02-407-4095,http://www.munhyeon.ms.kr/,남여공학,02-407-4082, ,N,해당없음, ,전기,주간,20090301,20090416,20230615
B10,서울특별시교육청,7132138,미성중학교,Misung Middle School,중학교,서울특별시,서울특별시동작관악교육지원청,공립,08863 ,서울특별시 관악구 문성로16길 40,(신림동),02-860-0900,http://www.misung.ms.kr,남여공학,02-860-0998, ,N,일반계, ,전기,주간,19840109,19840517,20230615
B10,서울특별시교육청,7091429,반포중학교,Banpo Middle School,중학교,서울특별시,서울특별시강남서초교육지원청,공립,06502 ,서울특별시 서초구 신반포로 67,"(반포동,반포중학교)",02-599-2304,http://banpo.sen.ms.kr,남,02-536-9599, ,N,일반계, ,전기,주간,19741227,19751010,20240331
B10,서울특별시교육청,7091430,방배중학교,Bangbae Middle School,중학교,서울특별시,서울특별시강남서초교육지원청,공립,06589 ,서울특별시 서초구 동광로 144,(반포동/방배중학교),02-532-1342,http://www.bangbae.ms.kr,남여공학,02-599-6455, ,N,일반계, ,전기,주간,19801227,19810430,20230615
B10,서울특별시교육청,7130178,방산중학교,Bangsan Middle School,중학교,서울특별시,서울특별시강동송파교육지원청,공립,05645 ,서울특별시 송파구 오금로29길 31,(방이동/ 방산중학교),02-2046-2600,www.bangsan.ms.kr,남여공학,02-2046-2610, ,N,일반계, ,전기,주간,19910221,19910506,20230615
B10,서울특별시교육청,7081494,방원중학교,Bangwon Middle School,중학교,서울특별시,서울특별시강서양천교육지원청,공립,07515 ,서울특별시 강서구 금낭화로 268,/ 방원중학교 (방화동/방원중학교),02-2666-6014,http://bangwon.sen.ms.kr,남여공학,02-2662-6965, ,N,일반계, ,전기,주간,19931005,19940512,20230627
B10,서울특별시교육청,7130179,방이중학교,Bang-i Middle School,중학교,서울특별시,서울특별시강동송파교육지원청,공립,05546 ,서울특별시 송파구 오금로11길 64,(방이동/방이중학교),02-2152-7111,http://www.bangi.ms.kr,남여공학,02-2152-7106, ,N,일반계, ,전기,주간,19850412,19850412,20230615
B10,서울특별시교육청,7051181,방학중학교,Banghak Middle School,중학교,서울특별시,서울특별시북부교육지원청,공립,01358 ,서울특별시 도봉구 시루봉로 188,/ 방학중학교 (방학동),02-956-8343,http://www.banghak.ms.kr,남여공학,02-955-6260, ,N,일반계, ,전기,주간,19820117,19820415,20230615
B10,서울특별시교육청,7081495,방화중학교,Banghwa Middle School,중학교,서울특별시,서울특별시강서양천교육지원청,공립,07621 ,서울특별시 강서구 개화동로27길 9,(방화동),02-2662-4452,http://banghwa.sen.ms.kr,남여공학,02-2665-0411, ,N,일반계, ,전기,주간,19860129,19860417,20230615
B10,서울특별시교육청,7130180,배명중학교,Baemyeong Middle School,중학교,서울특별시,서울특별시강동송파교육지원청,사립,05598 ,서울특별시 송파구 삼학사로 11,(삼전동/배명중고등학교),02-414-5474,http://bm.ms.kr/,남,02-2202-3153, ,N,일반계, ,전기,주간,19490307,19341007,20230615
B10,서울특별시교육청,7061101,배문중학교,Baemoon Middle School,중학교,서울특별시,서울특별시중부교육지원청,사립,04305 ,서울특별시 용산구 효창원로 258,/ 배문중학교 (서계동),02-3480-7243,http://www.baemoon.ms.kr,남,02-714-0062, ,N,일반계, ,전기,주간,19550317,19540522,20230615
B10,서울특별시교육청,7130181,배재중학교,Paichai Middle School,중학교,서울특별시,서울특별시강동송파교육지원청,사립,05234 ,서울특별시 강동구 고덕로 227,(고덕동/ 배재중학교),02-429-1885,http://paichai.sen.ms.kr,남,02-429-7849, ,N,일반계, ,전기,주간,18850803,18850608,20230615
B10,서울특별시교육청,7061102,배화여자중학교,Paiwha Girls’ Middle School,중학교,서울특별시,서울특별시중부교육지원청,사립,03039 ,서울특별시 종로구 필운대로1길 34,/ 배화여자중학교 (필운동),02-725-6451,http://www.paiwha.ms.kr,여,02-725-4934, ,N,일반계, ,전기,주간,18981002,18981002,20230615
B10,서울특별시교육청,7081496,백석중학교,Baekseok Middle School,중학교,서울특별시,서울특별시강서양천교육지원청,공립,07669 ,서울특별시 강서구 등촌로51나길 35,(등촌동/백석중학교),02-2644-2886,baekseok.sen.ms.kr,남여공학,02-2653-5589, ,N,일반계, ,전기,주간,19821209,19830418,20230615
B10,서울특별시교육청,7051182,백운중학교,Baekwoon Middle School,중학교,서울특별시,서울특별시북부교육지원청,공립,01432 ,서울특별시 도봉구 도봉로129길 50,(쌍문동),02-998-4035,http://www.baekwoon.ms.kr,남여공학,02-998-4034, ,N,일반계, ,전기,주간,19920301,19920506,20230615
B10,서울특별시교육청,7121344,번동중학교,Beondong Middle School,중학교,서울특별시,서울특별시성북강북교육지원청,공립,01137 ,서울특별시 강북구 오현로35길 87,(번동/번동중학교),02-945-0168,http://www.beondong.ms.kr,남여공학,02-986-1450, ,N,일반계, ,전기,주간,19920301,19920428,20230615
B10,서울특별시교육청,7061103,보성여자중학교,Bosung Girls’ Middle School,중학교,서울특별시,서울특별시중부교육지원청,사립,04338 ,서울특별시 용산구 신흥로3가길 66,(용산동2가),070-4000-3130,www.bosung-g.ms.kr,여,02-798-4146, ,N,일반계, ,전기,주간,19071010,19071010,20230615
B10,서울특별시교육청,7130182,보성중학교,Posung Middle School,중학교,서울특별시,서울특별시강동송파교육지원청,사립,05649 ,서울특별시 송파구 양재대로 1278,(방이동/보성중고등학교),02-2152-2513,http://posung.sen.ms.kr/,남,02-449-9355, ,N,일반계, ,전기,주간,19060905,19060905,20230615
B10,서울특별시교육청,7130183,보인중학교,Boin Middle School,중학교,서울특별시,서울특별시강동송파교육지원청,사립,05742 ,서울특별시 송파구 오금로49길 18,(오금동/ 보인중고등학교),02-449-6017,http://www.boin.ms.kr,남,02-449-8068, ,N,일반계, ,전기,주간,19080608,19080608,20230615
B10,서울특별시교육청,7132139,봉림중학교,Bongrim Middle School,중학교,서울특별시,서울특별시동작관악교육지원청,공립,08782 ,서울특별시 관악구 장군봉길 72,(봉천동),02-888-1281,http://www.bongrim.ms.kr,남여공학,02-887-4907, ,N,일반계, ,전기,주간,19881224,19890421,20230615
B10,서울특별시교육청,7081520,봉영여자중학교,Bongyoung Girls’ Middle School,중학교,서울특별시,서울특별시강서양천교육지원청,사립,08099 ,서울특별시 양천구 목동동로2길 68,(신정동/봉영여자중학교),02-2648-7123,bongyoung.sen.ms.kr,여,02-2648-7122, ,N,일반계, ,전기,주간,19511008,19511008,20230615
B10,서울특별시교육청,7132140,봉원중학교,Bong-won Middle School,중학교,서울특별시,서울특별시동작관악교육지원청,공립,08736 ,서울특별시 관악구 관악로24가길 15,/ 봉원중학교 (봉천동/봉원중학교),02-879-1542,https://bongwon.sen.ms.kr,남여공학,02-879-1548, ,N,일반계, ,전기,주간,19691111,19691111,20230615
B10,서울특별시교육청,7091431,봉은중학교,Bong-eun Middle School,중학교,서울특별시,서울특별시강남서초교육지원청,공립,06079 ,서울특별시 강남구 영동대로128길 59,(삼성동),02-547-5628,http://www.bongeun.ms.kr/,남여공학,02-512-3809, ,N,일반계, ,전기,주간,19860129,19860429,20230615
B10,서울특별시교육청,7021129,봉화중학교,Bonghwa Middle School,중학교,서울특별시,서울특별시동부교육지원청,공립,02179 ,서울특별시 중랑구 망우로70길 89,(망우동/봉화중학교),02-433-3180,http://www.ibonghwa.ms.kr,남여공학,02-496-9589, ,N,일반계, ,전기,주간,19850501,19850501,20230615
B10,서울특별시교육청,7051183,북서울중학교,Bukseoul Middle School,중학교,서울특별시,서울특별시북부교육지원청,공립,01305 ,서울특별시 도봉구 도봉로169가길 33,(도봉동),02-956-1004,https://bukseoul.sen.ms.kr,남여공학,02-955-8290, ,N,일반계, ,전기,주간,19841208,19851208,20230615
B10,서울특별시교육청,7121345,북악중학교,Bugak Middle School,중학교,서울특별시,서울특별시성북강북교육지원청,공립,02812 ,서울특별시 성북구 정릉로12길 41,(정릉동/북악중학교),02-910-2311,http://www.bugak.ms.kr,남여공학,02-919-5097, ,N,일반계, ,전기,주간,19840110,19840427,20230615
B10,서울특별시교육청,7031187,불광중학교,Bulgwang Middle School,중학교,서울특별시,서울특별시서부교육지원청,공립,03359 ,서울특별시 은평구 불광로 180,/ 불광중학교 (불광동),02-384-6591,http://bulgwang.ms.kr,남여공학,02-385-8357, ,N,일반계, ,전기,주간,19740920,19740920,20230615
B10,서울특별시교육청,7051184,불암중학교,Bulam Middle School,중학교,서울특별시,서울특별시북부교육지원청,공립,01747 ,서울특별시 노원구 한글비석로5길 45,/ 불암중학교 (하계동),02-975-4047,http://bulam.ms.kr,남여공학,02-948-3098, ,N,일반계, ,전기,주간,19921227,19930301,20230615
B10,서울특별시교육청,7132141,사당중학교,Sadang Middle School,중학교,서울특별시,서울특별시동작관악교육지원청,공립,07003 ,서울특별시 동작구 사당로9가길 58,/ 사당중학교 (사당동),02-537-7157,http://sadang.sen.ms.kr,남여공학,02-533-3704, ,N,일반계, ,전기,주간,19840109,19840502,20230615
B10,서울특별시교육청,7121346,삼각산중학교,Samgaksan Middle School,중학교,서울특별시,서울특별시성북강북교육지원청,공립,01198 ,서울특별시 강북구 삼양로19길 141,/ 삼각산중학교 (미아동),02-944-4999,www.samgaksan.ms.kr,남여공학,02-986-0544, ,N,일반계, ,전기,주간,20030106,20030301,20230615
B10,서울특별시교육청,7121347,삼선중학교,Samseon Middle School,중학교,서울특별시,서울특별시성북강북교육지원청,공립,02833 ,서울특별시 성북구 동소문로3길 69,(동소문동4가/삼선중학교),02-742-1147,http://www.samseon.ms.kr,남,02-741-5711, ,N,일반계, ,전기,주간,19600219,19600503,20230615
B10,서울특별시교육청,7132142,삼성중학교,Samsung Middle School,중학교,서울특별시,서울특별시동작관악교육지원청,공립,08816 ,서울특별시 관악구 신림로3가길 39-24,(신림동/삼성중학교),02-871-6242/6243,http://samsung.sen.ms.kr,남여공학,02-884-8974, ,N,일반계, ,전기,주간,19701002,19700801,20230615
B10,서울특별시교육청,7081497,삼정중학교,Samjeong Middle School,중학교,서울특별시,서울특별시강서양천교육지원청,공립,07508 ,서울특별시 강서구 금낭화로 210,(방화동/삼정중학교),02-2666-6033,http://samjeong.sen.ms.kr,남여공학,02-2666-6896, ,N,일반계, ,전기,주간,19940105,19940504,20230615
B10,서울특별시교육청,7051185,상경중학교,Sanggyung Middle School,중학교,서울특별시,서울특별시북부교육지원청,공립,01619 ,서울특별시 노원구 동일로227길 61,(상계동/ 상경중학교),02-939-3951,https://sanggyung.sen.ms.kr/,남여공학,02-933-7565, ,N,일반계, ,전기,주간,19881224,19890427,20230615
B10,서울특별시교육청,7051186,상계제일중학교,Sang-gye Jeil Middle School,중학교,서울특별시,서울특별시북부교육지원청,공립,01716 ,서울특별시 노원구 덕릉로86길 29-15,/ 상계제일중학교 (중계동),02-930-3543,http://www.sanggyejeil.ms.kr,남여공학,02-937-0026, ,N,일반계, ,전기,주간,19710116,19710116,20230615
B10,서울특별시교육청,7051187,상계중학교,Sanggye Middle School,중학교,서울특별시,서울특별시북부교육지원청,공립,01705 ,서울특별시 노원구 노원로 398,(상계동/ 상계중학교),02-936-6450,http://sanggye.sen.ms.kr,남여공학,02-933-9025, ,N,일반계, ,전기,주간,19860301,19860501,20230615
B10,서울특별시교육청,7132143,상도중학교,Sangdo Middle School,중학교,서울특별시,서울특별시동작관악교육지원청,공립,07028 ,서울특별시 동작구 사당로2가길 72,/ 상도중학교 (사당동),02-5808-900,http://seoulsangdo.sen.ms.kr,남여공학,02-522-7394, ,N,일반계, ,전기,주간,19681023,19681023,20230615
B10,서울특별시교육청,7061104,상명대학교사범대학부속여자중학교,Girls` Middle School Attached to College of Education Sang Myung University,중학교,서울특별시,서울특별시중부교육지원청,사립,03016 ,서울특별시 종로구 홍지문2길 20,(홍지동),02-394-8672,http://sangmyung-agm.sen.ms.kr,여,02-6927-0229, ,N,일반계, ,전기,주간,19661117,19661117,20230615
B10,서울특별시교육청,7051188,상명중학교,Sangmyung Middle School,중학교,서울특별시,서울특별시북부교육지원청,사립,01758 ,서울특별시 노원구 덕릉로 553,/ 상명중학교 (중계동),02-971-6213,http://sangmyung.sen.ms.kr,남여공학,02-971-6216, ,N,일반계, ,전기,주간,19371201,19371201,20230615
B10,서울특별시교육청,7021130,상봉중학교,Sangbong Middle School,중학교,서울특별시,서울특별시동부교육지원청,공립,02081 ,서울특별시 중랑구 상봉중앙로8나길 28,(상봉동),02-436-4316,https://sangbong.sen.ms.kr,남여공학,02-436-4456, ,N,일반계, ,전기,주간,20010506,20010506,20230615
B10,서울특별시교육청,7031188,상신중학교,Sangsin Middle School,중학교,서울특별시,서울특별시서부교육지원청,공립,03447 ,서울특별시 은평구 증산로15길 61,(신사동),02-305-5139,http://sangsin.sen.ms.kr,남여공학,02-374-4068, ,N,일반계, ,전기,주간,19841208,19850506,20230615
B10,서울특별시교육청,7031189,상암중학교,Sangam middle school,중학교,서울특별시,서울특별시서부교육지원청,공립,03907 ,서울특별시 마포구 상암산로1길 26,(상암동),02-375-5300,http://sangam.sen.ms.kr,남여공학,02-375-5369, ,N,해당없음, ,전기,주간,20070301,20070605,20230615
B10,서울특별시교육청,7051189,상원중학교,Sangwon Middle School,중학교,서울특별시,서울특별시북부교육지원청,공립,01670 ,서울특별시 노원구 수락산로 182,(상계동),02-930-0761,http://sangwon.sen.ms.kr,남여공학,02-930-0764, ,N,일반계, ,전기,주간,19930115,19930607,20230615
B10,서울특별시교육청,7130275,상일중학교,Sang-il Middle School,중학교,서울특별시,서울특별시강동송파교육지원청,사립,05282 ,서울특별시 강동구 천호대로219길 61,(상일동/ 상일여자중학교),02-428-0735,http://sangil.sen.ms.kr,남여공학,02-3426-4787, ,N,일반계, ,전기,주간,19790221,19790221,20240414
B10,서울특별시교육청,7132144,상현중학교,Sang-Hyun Middle School,중학교,서울특별시,서울특별시동작관악교육지원청,공립,07028 ,서울특별시 동작구 사당로2길 2-19,(상도동),02-815-5375,http://www.sanghyun.ms.kr,남여공학,02-814-8652, ,N,일반계, ,전기,주간,19680806,19681002,20230615
B10,서울특별시교육청,7121362,서라벌중학교,Sorabol Middle School,중학교,서울특별시,서울특별시성북강북교육지원청,사립,01006 ,서울특별시 강북구 삼양로155길 37-9,/ 서라벌중학교 (우이동),070-8280-4600,http://sorabol.sen.ms.kr,남,02-903-8397, ,N,일반계, ,전기,주간,19560305,19560305,20230705
B10,서울특별시교육청,7091451,서문여자중학교,Suhmoon Girls’ Middle School,중학교,서울특별시,서울특별시강남서초교육지원청,사립,06565 ,서울특별시 서초구 동광로12길 84,(방배동),02-3015-3600,https://suhmoon.sen.ms.kr/,여,02-594-6063, ,N,일반계, ,전기,주간,19781229,19781229,20230615
B10,서울특별시교육청,7031190,서연중학교,Seoyeon Middle School,중학교,서울특별시,서울특별시서부교육지원청,공립,03704 ,서울특별시 서대문구 연희로11마길 9-6,(연희동),02-332-7376,http://seoyun.sen.ms.kr,남여공학,02-337-4059, ,N,일반계, ,전기,주간,19841208,19850506,20230615
B10,서울특별시교육청,7091432,서운중학교,Seoun Middle School,중학교,서울특별시,서울특별시강남서초교육지원청,공립,06623 ,서울특별시 서초구 서운로 115,(서초동/서운중학교),02-3473-2701,http://www.seoun.ms.kr,남여공학,02-581-4691, ,N,일반계, ,전기,주간,19820107,19820501,20230615
B10,서울특별시교육청,7061129,서울대학교사범대학부설여자중학교,Seoul National University Girls’Middle School,중학교,서울특별시,교육부,국립,03087 ,서울특별시 종로구 대학로 64,/ 서울대학교사범대학부설여자중학교 (이화동),02-762-5252, http://snu.sen.ms.kr,여,02-745-0664, ,N,일반계, ,전기,주간,19690303,19690303,20230615
B10,서울특별시교육청,7121371,서울대학교사범대학부설중학교,Seoul National University Middle School,중학교,서울특별시,교육부,국립,02796 ,서울특별시 성북구 월곡로 36,(종암동),02-943-5812,http://snums.sen.ms.kr,남,02-909-1671, ,N,일반계, ,전기,주간,19460901,19460901,20230615
B10,서울특별시교육청,7132145,서울문영여자중학교,Seoul Moonyoung girls’ Middle School,중학교,서울특별시,서울특별시동작관악교육지원청,사립,08833 ,서울특별시 관악구 관악로 85,(봉천동),02-871-8921,http://www.moonyoung-gms.seoul.kr,여,02-886-8194, ,N,일반계, ,전기,주간,19260401,19360929,20230627
B10,서울특별시교육청,7031191,서울여자중학교,Seoul Girls’ Middle School,중학교,서울특별시,서울특별시서부교육지원청,공립,04140 ,서울특별시 마포구 백범로25길 34,/ 서울여자중학교 (염리동),02-716-5041,https://seoul.sen.ms.kr,여,02-3275-1112, ,N,일반계, ,전기,주간,19550302,19550302,20230615
B10,서울특별시교육청,7130185,서울체육중학교,Seoul Physical Education Middle School,중학교,서울특별시,서울특별시강동송파교육지원청,공립,05541 ,서울특별시 송파구 강동대로 232,/ 서울체육중학교 (방이동),02-2140-9801,http://cheyuk.sen.ms.kr/,남여공학,02-2203-9805, ,N,해당없음, ,전기,주간,19710113,20040301,20230615
B10,서울특별시교육청,7091433,서일중학교,Seo-il Middle School,중학교,서울특별시,서울특별시강남서초교육지원청,공립,06617 ,서울특별시 서초구 서운로21길 2,(서초동/서일중학교),02-3482-9663,http://www.seoil.ms.kr,남여공학,02-3481-9395, ,N,일반계, ,전기,주간,19861217,19870430,20230615
B10,서울특별시교육청,7091434,서초중학교,Seocho Middle School,중학교,서울특별시,서울특별시강남서초교육지원청,공립,06670 ,서울특별시 서초구 반포대로13길 48,(서초동/서초중학교),02-583-0105,http://seocho.sen.ms.kr,남여공학,02-583-8274, ,N,일반계, ,전기,주간,19790830,19790830,20230615
B10,서울특별시교육청,7121348,석관중학교,Seokgwan Middle School,중학교,서울특별시,서울특별시성북강북교육지원청,공립,02782 ,서울특별시 성북구 한천로 526,(석관동/석관중학교),02-962-2276,http://www.seokgwan.ms.kr,남여공학,02-967-2057, ,N,일반계, ,전기,주간,19821209,19821209,20230615
B10,서울특별시교육청,7130186,석촌중학교,Seokchon Middle School,중학교,서울특별시,서울특별시강동송파교육지원청,공립,05706 ,서울특별시 송파구 송이로15길 13,(가락동),02-448-4031,http://www.seokchon.ms.kr,남여공학,02-443-6481, ,N,일반계, ,전기,주간,19820107,19820107,20230615
B10,서울특별시교육청,7051190,선덕중학교,Sunduck Middle School,중학교,서울특별시,서울특별시북부교육지원청,사립,01375 ,서울특별시 도봉구 시루봉로 53,/ 선덕중학교 (쌍문동),02-993-4112,http://www.sunduck.ms.kr,남여공학,02-992-0239, ,N,일반계, ,전기,주간,19790131,19790915,20230615
B10,서울특별시교육청,7061105,선린중학교,Sunrin Middle School,중학교,서울특별시,서울특별시중부교육지원청,공립,04314 ,서울특별시 용산구 원효로97길 33-4,(청파동3가),02-713-6214,http://www.sunrin.ms.kr,남여공학,02-712-6918, ,N,일반계, ,전기,주간,18990624,18990624,20230615
B10,서울특별시교육청,7041180,선유중학교,Seonyoo Middle School,중학교,서울특별시,서울특별시남부교육지원청,공립,07211 ,서울특별시 영등포구 선유로 213,(양평동3가),02-2633-4147,http://seonyoo.ms.kr,남여공학,02-2632-2149, ,N,일반계, ,전기,주간,19850419,19850504,20230615
B10,서울특별시교육청,7031192,선일여자중학교,Sunil Girls’ Middle School,중학교,서울특별시,서울특별시서부교육지원청,사립,03322 ,서울특별시 은평구 갈현로29길 27,/ 선일여자중학교 (갈현동),02-355-0161,http://www.sunil.ms.kr,여,02-355-9558, ,N,일반계, ,전기,주간,19671028,19671028,20230615
B10,서울특별시교육청,7031193,선정중학교,Sunjung Middle School,중학교,서울특별시,서울특별시서부교육지원청,사립,03327 ,서울특별시 은평구 서오릉로20길 19,/ 선정중학교 (갈현동),02-3156-1400,https://sunjung.sen.ms.kr,남여공학,02-359-4758, ,N,일반계, ,전기,주간,19500522,19500522,20230615
B10,서울특별시교육청,7132146,성남중학교,Sungnam Middle School,중학교,서울특별시,서울특별시동작관악교육지원청,사립,06946 ,서울특별시 동작구 대방동길 74,(대방동),02-815-1332,http://www.sungnam.ms.kr,남,02-822-8315, ,N,일반계, ,전기,주간,19380425,19380425,20230615
B10,서울특별시교육청,7130187,성내중학교,Seongnae Middle School,중학교,서울특별시,서울특별시강동송파교육지원청,공립,05396 ,서울특별시 강동구 성안로7길 36,(성내동/성내중학교),02-480-1600,http://seongnae.sen.ms.kr,남여공학,02-472-8198, ,N,일반계, ,전기,주간,19841208,19850406,20230615
B10,서울특별시교육청,7130188,성덕여자중학교,Seongdeok Girls’ Middle School,중학교,서울특별시,서울특별시강동송파교육지원청,사립,05306 ,서울특별시 강동구 구천면로 396,(천호동/ 성덕여자중학교),02-475-4626 ~ 8,http://www.sd.ms.kr,여,02-482-2911, ,N,일반계, ,전기,주간,19761228,19770905,20230615
B10,서울특별시교육청,7132147,성보중학교,Sungbo Middle School,중학교,서울특별시,서울특별시동작관악교육지원청,사립,08773 ,서울특별시 관악구 남부순환로156길 39,성보중학교 (신림동),02-818-9700,http://sungbo.sen.ms.kr,남여공학,02-851-8161, ,N,일반계, ,전기,주간,19811231,19820531,20231224
B10,서울특별시교육청,7031194,성사중학교,Sungsa Middle School,중학교,서울특별시,서울특별시서부교육지원청,공립,03951 ,서울특별시 마포구 모래내로9길 16,/ 성사중학교 (성산동),02-373-8002,http://www.sungsa.ms.kr,남여공학,02-309-2431, ,N,일반계, ,전기,주간,19801227,19810527,20230629
B10,서울특별시교육청,7031195,성산중학교,Sungsan Middle School,중학교,서울특별시,서울특별시서부교육지원청,공립,04072 ,서울특별시 마포구 성지1길 32-13,(합정동),02-332-0306,http://sungsan.ms.kr/,남여공학,02-332-8875, ,N,일반계, ,전기,주간,19680117,19671027,20230615
B10,서울특별시교육청,7031196,성서중학교,Seongseo Middle School,중학교,서울특별시,서울특별시서부교육지원청,공립,03965 ,서울특별시 마포구 성산로4길 42,(성산동),02-3140-7100,http://www.sungseo.ms.kr,남여공학,02-338-1520, ,N,일반계, ,전기,주간,19840109,19840419,20230615
B10,서울특별시교육청,7134134,성수중학교,Seongsu Middle School,중학교,서울특별시,서울특별시성동광진교육지원청,공립,04768 ,서울특별시 성동구 서울숲길 18,(성수동1가/ 성수중학교),02-463-4786,http://seongsu.sen.ms.kr,남여공학,02-469-5292, ,N,일반계, ,전기,주간,19671027,19671027,20230615
B10,서울특별시교육청,7121363,성신여자중학교,Sungshin Girls’ Middle School,중학교,서울특별시,서울특별시성북강북교육지원청,사립,02840 ,서울특별시 성북구 북악산로 918,(돈암동/성신여자중학교),02-929-1898,http://www.sung-shin.ms.kr,여,02-929-1890, ,N,일반계, ,전기,주간,19360428,19360428,20230615
B10,서울특별시교육청,7061106,성심여자중학교,Sungsim Girls’ Middle School,중학교,서울특별시,서울특별시중부교육지원청,사립,04361 ,서울특별시 용산구 원효로19길 49,/ 성심여자중학교 (원효로4가),02-3279-0514,http://sacredheart.sen.ms.kr,여,02-3273-4165, ,N,일반계, ,전기,주간,19570525,19570525,20230615
B10,서울특별시교육청,7121364,성암여자중학교,Seong-am Girls’ Middle School,중학교,서울특별시,서울특별시성북강북교육지원청,사립,01174 ,서울특별시 강북구 도봉로29길 52,(미아동/학교법인성암학원),02-2179-1777,http://www.seongam.ms.kr,여,02-982-9053, ,N,일반계, ,전기,주간,19600114,19601001,20230624
B10,서울특별시교육청,7134135,성원중학교,Sungwon Middle School,중학교,서울특별시,서울특별시성동광진교육지원청,공립,04775 ,서울특별시 성동구 성덕정9가길 13,(성수동2가/ 성원중학교),02-3408-2558,http://www.sungwon.ms.kr,남여공학,02-463-0676, ,N,일반계, ,전기,주간,19680806,19681002,20230615
B10,서울특별시교육청,7021131,성일중학교,Sung-il Middle School,중학교,서울특별시,서울특별시동부교육지원청,공립,02575 ,서울특별시 동대문구 왕산로23길 55,(제기동),02-926-0211,http://sungil.ms.kr,남여공학,02-926-7401, ,N,일반계, ,전기,주간,19691101,19691004,20230615
B10,서울특별시교육청,7081498,성재중학교,Seongjae Middle School,중학교,서울특별시,서울특별시강서양천교육지원청,공립,07529 ,서울특별시 강서구 허준로 36,(가양동/성재중학교),02-2658-9853,http://sungjae.sen.ms.kr,남여공학,02-2658-9855, ,N,일반계, ,전기,주간,19950110,19950607,20230615
B10,서울특별시교육청,7091461,세곡중학교,Segok Middle School,중학교,서울특별시,서울특별시강남서초교육지원청,공립,06374 ,서울특별시 강남구 자곡로 81,(자곡동/ 세곡중학교),02-2040-2900,http://www.segok.ms.kr,남여공학,02-3412-5471, ,N,일반계, ,전기,주간,20121227,20130605,20230615
B10,서울특별시교육청,7130189,세륜중학교,Seryun Middle School,중학교,서울특별시,서울특별시강동송파교육지원청,공립,05654 ,서울특별시 송파구 양재대로72길 41,(오금동/세륜중학교),02-411-1000,http://seryun.sen.ms.kr,남여공학,02-431-1059, ,N,일반계, ,전기,주간,19911030,19920422,20230615
B10,서울특별시교육청,7041181,세일중학교,Seil Middle School,중학교,서울특별시,서울특별시남부교육지원청,공립,08533 ,서울특별시 금천구 시흥대로147길 34,(독산동),02-856-0868,http://www.seil.ms.kr,남여공학,02-839-3665, ,N,일반계, ,전기,주간,19680806,19681020,20230615
B10,서울특별시교육청,7091452,세화여자중학교,Sehwa Girls’ Middle School,중학교,서울특별시,서울특별시강남서초교육지원청,사립,06548 ,서울특별시 서초구 신반포로 56-7,/ 세화여자중학교 (반포동/강당),02-594-4887,http://www.sewha.ms.kr,여,02-594-4858, ,N,일반계, ,전기,주간,19780218,19780506,20230615
B10,서울특별시교육청,7121380,솔샘중학교,Solsaem Middle School,중학교,서울특별시,서울특별시성북강북교육지원청,공립,01190 ,서울특별시 강북구 인수봉로 39,(미아동/ 솔샘중.고등학교),02-981-6872,https://solsaem.sen.ms.kr,남여공학,02-981-6874, ,N,해당없음, ,전기,주간,20090301,20090610,20230615
B10,서울특별시교육청,7021132,송곡여자중학교,Songgok Girls’ Middle School,중학교,서울특별시,서울특별시동부교육지원청,사립,02057 ,서울특별시 중랑구 양원역로 67,(망우본동,070-7124-3502,songgok.sen.ms.kr,여,02-437-8433, ,N,일반계, ,전기,주간,19700131,19700131,20230615
B10,서울특별시교육청,7130190,송례중학교,Songrye Middle School,중학교,서울특별시,서울특별시강동송파교육지원청,공립,05853 ,서울특별시 송파구 위례순환로 429 ,(장지동),02-2144-2800,http://www.songrye.ms.kr,남여공학,02-400-3071, ,N, , ,전기,주간,20140301,20140501,20230615
B10,서울특별시교육청,7081499,송정중학교,Songjeong Middle School,중학교,서울특별시,서울특별시강서양천교육지원청,공립,07628 ,서울특별시 강서구 남부순환로 121,(공항동/송정중학교),02-2661-0478,http://songjeong.sen.ms.kr,남여공학,02-2667-0021, ,N,일반계, ,전기,주간,19910121,19910516,20230615
B10,서울특별시교육청,7130191,송파중학교,Songpa Middle School,중학교,서울특별시,서울특별시강동송파교육지원청,공립,05823 ,서울특별시 송파구 동남로 203,(가락동/ 송파중학교),02-402-0118,http://www.songpa.ms.kr,남여공학,02-430-0757, ,N,일반계, ,전기,주간,19780227,19781010,20230615
B10,서울특별시교육청,7051191,수락중학교,Surak Middle School,중학교,서울특별시,서울특별시북부교육지원청,공립,01602 ,서울특별시 노원구 동일로 1729,/ 수락중학교 (상계동),02-2092-1900,http://www.surak.ms.kr,남여공학,02-3392-2074, ,N,일반계, ,전기,주간,20020301,20020504,20230615
B10,서울특별시교육청,7081500,수명중학교,Sumyeong Middle School,중학교,서울특별시,서울특별시강서양천교육지원청,공립,07642 ,서울특별시 강서구 수명로2길 16,(내발산동/수명중학교),02-6738-1200,http://sumyeong.ms.kr,남여공학,02-2667-4604, ,N,해당없음, ,전기,주간,20080301,20080301,20230615
B10,서울특별시교육청,7091435,수서중학교,Suseo Middle School,중학교,서울특별시,서울특별시강남서초교육지원청,공립,06348 ,서울특별시 강남구 광평로59길 57,(수서동/수서중학교),02-451-7092,http://suseo.sen.ms.kr,남여공학,02-451-7095, ,N,일반계, ,전기,주간,19930430,19930430,20230615
B10,서울특별시교육청,7121349,수송중학교,Soosong Middle School,중학교,서울특별시,서울특별시성북강북교육지원청,공립,01061 ,서울특별시 강북구 한천로122길 21,(번동/수송중학교),02-900-5791,http://soosong.sen.ms.kr,남여공학,02-900-6324, ,N,일반계, ,전기,주간,20001125,20010516,20230615
B10,서울특별시교육청,7121350,수유중학교,Suyu Middle School,중학교,서울특별시,서울특별시성북강북교육지원청,공립,01095 ,서울특별시 강북구 인수봉로37길 40,(수유동/수유중학교),02-945-6102,http://www.suyu.ms.kr,남여공학,02-945-6109, ,N,일반계, ,전기,주간,19720603,19720603,20230615
B10,서울특별시교육청,7091453,숙명여자중학교,Sookmyung Girls’ Middle School,중학교,서울특별시,서울특별시강남서초교육지원청,사립,06277 ,서울특별시 강남구 남부순환로 2807,/ 숙명여자중학교 ,02-3462-5011/5012,http://sookmyung.sen.ms.kr,여,02-3461-5084, ,N,일반계, ,전기,주간,19060522,19060522,20230615
B10,서울특별시교육청,7121370,숭곡중학교,Soonggok Middle School,중학교,서울특별시,서울특별시성북강북교육지원청,공립,02736 ,서울특별시 성북구 종암로 208,/ 숭곡중학교 (하월곡동),02-912-7572,http://www.soonggok.ms.kr,남여공학,02-912-7573, ,N,해당없음, ,후기,주간,20110113,20110506,20230615
B10,서울특별시교육청,7031197,숭문중학교,Soongmoon Middle School,중학교,서울특별시,서울특별시서부교육지원청,사립,04126 ,서울특별시 마포구 숭문길 99,/ 숭문중고등학교 (대흥동),02-715-4463,http://soongmoon.sen.ms.kr/,남,02-711-2980, ,N,일반계, ,전기,주간,19060401,19060401,20230615
B10,서울특별시교육청,7031198,숭실중학교,Soongsil Middle School,중학교,서울특별시,서울특별시서부교육지원청,사립,03445 ,서울특별시 은평구 은평터널로7길 6,(신사동),02-373-7641,https://soongsil.sen.ms.kr/,남,02-302-1681, ,N,일반계, ,전기,주간,18971010,18971010,20230615
B10,서울특별시교육청,7132148,숭의여자중학교,Soongeui Girls Middle School,중학교,서울특별시,서울특별시동작관악교육지원청,사립,06944 ,서울특별시 동작구 여의대방로36길 79,(대방동),02-810-7700,http://seg.ms.kr,여,02-812-7492, ,N,일반계, ,전기,주간,19031031,19031031,20230615
B10,서울특별시교육청,7021133,숭인중학교,Soongin Middle School,중학교,서울특별시,서울특별시동부교육지원청,공립,02592 ,서울특별시 동대문구 천호대로47길 34,(답십리동/ 숭인중학교),02-2215-0176,http://www.soongin.ms.kr,남여공학,02-2215-0554, ,N,일반계, ,전기,주간,19741227,19750601,20230623
B10,서울특별시교육청,7041182,시흥중학교,Shiheung Middle School,중학교,서울특별시,서울특별시남부교육지원청,공립,08650 ,서울특별시 금천구 시흥대로38길 60,", 시흥중학교 (시흥동)",02-895-2302,shiheung.sen.ms.kr,남여공학,02-894-6586, ,N,일반계, ,전기,주간,19911030,19930504,20230615
B10,서울특별시교육청,7132149,신관중학교,Shingwan Middle School,중학교,서울특별시,서울특별시동작관악교육지원청,공립,08781 ,서울특별시 관악구 신림로48길 17-16,/ (신림동 신관중학교) ,02-885-6893,http://www.shingwan.ms.kr,남여공학,02-872-4057, ,N,일반계, ,전기,주간,19840301,19840427,20230709
B10,서울특별시교육청,7061108,신광여자중학교,Shinkwang Girls’ Middle School,중학교,서울특별시,서울특별시중부교육지원청,사립,04313 ,서울특별시 용산구 청파로 263,(청파동3가),02-710-6990,http://www.shinkwang.ms.kr,여,02-703-6910, ,N,일반계, ,전기,주간,19460817,19461001,20230615
B10,서울특별시교육청,7091436,신구중학교,Shingu Middle School,중학교,서울특별시,서울특별시강남서초교육지원청,공립,06023 ,서울특별시 강남구 압구정로36길 17,(신사동/신구중학교),02-548-5038,http://www.shingu.ms.kr,남여공학,02-517-0338, ,N,일반계, ,전기,주간,19880202,19880425,20230615
B10,서울특별시교육청,7041263,신길중학교,SINGIL MIDDLE SCHOOL,중학교,서울특별시,서울특별시남부교육지원청,공립,07390 ,서울특별시 영등포구 신길로28길 43,(신길동/ 신길중학교),02-6956-4770,http://singil.sen.ms.kr,남여공학,02-6956-4772, ,N, , ,전후기,주간,20210301,20211013,20230615
B10,서울특별시교육청,7081501,신남중학교,Shinnam Middle School,중학교,서울특별시,서울특별시강서양천교육지원청,공립,08061 ,서울특별시 양천구 중앙로29길 109,(신월동/신남중학교),02-2602-7353,http://shinnam.sen.ms.kr,남여공학,02-2605-3745, ,N,일반계, ,전기,주간,19840109,19840506,20230615
B10,서울특별시교육청,7041183,신도림중학교,Sindorim Middle School,중학교,서울특별시,서울특별시남부교육지원청,공립,08207 ,서울특별시 구로구 경인로63길 74,/ 신도림중학교 (신도림동),02-2676-1993,www.sindorim.ms.kr,남여공학,02-2631-3196, ,N,일반계, ,전기,주간,19840109,19840506,20230615
B10,서울특별시교육청,7051192,신도봉중학교,Sindobong Middle School,중학교,서울특별시,서울특별시북부교육지원청,공립,01443 ,서울특별시 도봉구 도봉로115길 16,(쌍문동),02-992-3462,http://www.sindobong.ms.kr,남여공학,02-992-3468, ,N,일반계, ,전기,주간,19680806,19681001,20230615
B10,서울특별시교육청,7031199,신도중학교,SHINDO MIDDLE SCHOOL,중학교,서울특별시,서울특별시서부교육지원청,공립,03310 ,서울특별시 은평구 진관1로 77-30,(진관동),02-389-4330,http://www.shindo.ms.kr,남여공학,02-389-4331, ,N,해당없음, ,전기,주간,20100301,20100519,20230615
B10,서울특별시교육청,7091437,신동중학교,Shindong Middle School,중학교,서울특별시,서울특별시강남서초교육지원청,공립,06516 ,서울특별시 서초구 나루터로 27,/ 신동중학교 (잠원동/신동중학교),02-594-6456,http://shindong.ms.kr,남여공학,02-595-6458, ,N,일반계, ,전기,주간,19900120,19900522,20230615
B10,서울특별시교육청,7132150,신림중학교,Shillim Middle School,중학교,서울특별시,서울특별시동작관악교육지원청,공립,08841 ,서울특별시 관악구 신림로 40,(신림동/신림중학교),02-882-1929,http://www.shillim.ms.kr,남여공학,02-872-4858, ,N,일반계, ,전기,주간,19731229,19720513,20230615
B10,서울특별시교육청,7130192,신명중학교,Sinmyung Middle School,중학교,서울특별시,서울특별시강동송파교육지원청,공립,05300 ,서울특별시 강동구 명일로24길 25,(길동),02-6969-6400,http://sinmyung.sen.ms.kr,남여공학,02-6969-6499, ,N,일반계, ,전기,주간,19930110,19931009,20230615
B10,서울특별시교육청,7081502,신목중학교,Shinmok Middle School,중학교,서울특별시,서울특별시강서양천교육지원청,공립,07981 ,서울특별시 양천구 목동중앙로 88,(목동/신목중학교),02-2648-2142,http://shinmok.sen.ms.kr,남여공학,02-2653-5912, ,N,일반계, ,전기,주간,19860129,19860512,20230615
B10,서울특별시교육청,7091438,신반포중학교,Shinbanpo Middle School,중학교,서울특별시,서울특별시강남서초교육지원청,공립,06504 ,서울특별시 서초구 신반포로19길 26,/ 신반포중학교 (반포동/신반포중학교),02-537-6731,shinbanpo.sen.ms.kr,남여공학,02-593-0964, ,N,일반계, ,전기,주간,19840109,19840502,20230615
B10,서울특별시교육청,7051193,신방학중학교,Sinbanghak Middle School,중학교,서울특별시,서울특별시북부교육지원청,공립,01359 ,서울특별시 도봉구 시루봉로 156,/ 신방학중학교 (방학동),02-956-8234,http://www.sbh.ms.kr,남여공학,02-956-2845, ,N,일반계, ,전기,주간,19940105,19940504,20230615
B10,서울특별시교육청,7091439,신사중학교,Sinsa Middle School,중학교,서울특별시,서울특별시강남서초교육지원청,공립,06000 ,서울특별시 강남구 압구정로 123,(압구정동/신사중학교),02-541-1062,http://sinsa.ms.kr,남여공학,02-547-6940, ,N,일반계, ,전기,주간,19840301,19840418,20230615
B10,서울특별시교육청,7051194,신상중학교,Sinsang Middle School,중학교,서울특별시,서울특별시북부교육지원청,공립,01755 ,서울특별시 노원구 동일로216길 42,(상계동/신상중학교),02-932-0595,http://www.sinsang.ms.kr,남여공학,02-935-6387, ,N,일반계, ,전기,주간,19880202,19880504,20230615
B10,서울특별시교육청,7081503,신서중학교,Sinseo Middle School,중학교,서울특별시,서울특별시강서양천교육지원청,공립,08091 ,서울특별시 양천구 중앙로 206,(신정동/신서중학교),02-2654-8011,http://sinseo.sen.ms.kr,남여공학,02-2654-8016, ,N,일반계, ,전기,주간,19821209,19830506,20240407
B10,서울특별시교육청,7031200,신수중학교,Sinsu Middle School,중학교,서울특별시,서울특별시서부교육지원청,공립,04087 ,서울특별시 마포구 신수로 49,/ 신수중학교 (신수동),02-717-6004,www.sinsu.ms.kr,남여공학,02-717-6077, ,N,일반계, ,전기,주간,19861215,19870504,20230615
B10,서울특별시교육청,7130193,신암중학교,Sinam Middle School,중학교,서울특별시,서울특별시강동송파교육지원청,공립,05238 ,서울특별시 강동구 고덕로 65,/ 신암중학교 (암사동),02-441-6751,http://www.sinam.ms.kr,남여공학,02-441-6752, ,N,일반계, ,전기,주간,19810504,19810504,20230615
B10,서울특별시교육청,7134136,신양중학교,Shinyang Middle School,중학교,서울특별시,서울특별시성동광진교육지원청,공립,05087 ,서울특별시 광진구 자양강변길 73,/ 신양중학교 (자양동),02-461-1070,http://shinyang.ms.kr,남여공학,02-469-8386, ,N,일반계, ,전기,주간,19840109,19840509,20230615
B10,서울특별시교육청,7031201,신연중학교,Sinyeon Middle School,중학교,서울특별시,서울특별시서부교육지원청,공립,03717 ,서울특별시 서대문구 모래내로 408,(연희동),02-379-4317,http://www.sinyeon.ms.kr,남여공학,02-394-8315, ,N,일반계, ,전기,주간,19861215,19870420,20230615
B10,서울특별시교육청,7081504,신원중학교,Shinwon Middle School,중학교,서울특별시,서울특별시강서양천교육지원청,공립,07909 ,서울특별시 양천구 가로공원로55길 19,(신월동/신원중학교),02-2699-0183,http://shinwon.sen.ms.kr,남여공학,02-2698-7635, ,N,일반계, ,전기,주간,19860129,19860502,20230615
B10,서울특별시교육청,7081505,신월중학교,Sinwol Middle School,중학교,서울특별시,서울특별시강서양천교육지원청,공립,07902 ,서울특별시 양천구 남부순환로29길 25,/ 신월중학교 (신월동),02-2601-4254,http://sinwol.sen.ms.kr,남여공학,02-2698-3267, ,N,일반계, ,전기,주간,19801217,19810520,20230615
B10,서울특별시교육청,7121365,신일중학교,Shinil Middle School,중학교,서울특별시,서울특별시성북강북교육지원청,사립,01133 ,서울특별시 강북구 솔매로49길 20,(미아동/신일중고등학교),02-944-9850,http://shin-il.ms.kr,남,02-989-6201, ,N,일반계, ,전기,주간,19661013,19661013,20230615
B10,서울특별시교육청,7081521,신정여자중학교,Shin Jeung Girls’ Middle School,중학교,서울특별시,서울특별시강서양천교육지원청,사립,07736 ,서울특별시 강서구 등촌로13아길 20,신정여자중학교 ,02-2644-3549,http://www.shinjeong.ms.kr,여,02-2642-5922, ,N,일반계, ,전기,주간,19780130,19781205,20230615
B10,서울특별시교육청,7051195,신창중학교,Sinchang Middle School,중학교,서울특별시,서울특별시북부교육지원청,공립,01874 ,서울 노원구 월계로45길 92,(월계동/신창중학교),02-904-4206,http://www.sc.ms.kr,남여공학,02-998-2696, ,N,일반계, ,전기,주간,19840506,19840506,20230615
B10,서울특별시교육청,7130194,신천중학교,Sincheon Middle School,중학교,서울특별시,서울특별시강동송파교육지원청,공립,05501 ,서울특별시 송파구 백제고분로 11,/ 신천중학교 (잠실동),02-422-3946,scm.sen.ms.kr,남여공학,02-421-1219, ,N,일반계, ,전기,주간,19751114,19751114,20230615
B10,서울특별시교육청,7021134,신현중학교,Sinhyeon Middle School,중학교,서울특별시,서울특별시동부교육지원청,공립,02075 ,서울특별시 중랑구 봉화산로 162,/ 신현중학교 (상봉동),02-3421-0631,http://sinhyeon.ms.kr,남여공학,02-3421-0771, ,N,일반계, ,전기,주간,19960115,19960115,20230615
B10,서울특별시교육청,7081506,신화중학교,Shinhwa Middle School,중학교,서울특별시,서울특별시강서양천교육지원청,공립,07902 ,서울특별시 양천구 남부순환로29길 35,", 신화중학교 (신월동)",02-3219-2900,http://shinhwa.sen.ms.kr,남여공학,02-2694-1701, ,N,일반계, ,전기,주간,19691111,19700506,20240331
B10,서울특별시교육청,7130195,아주중학교,Aju Middle School,중학교,서울특별시,서울특별시강동송파교육지원청,공립,05572 ,서울특별시 송파구 올림픽로4길 69,/ 아주중학교 (잠실동),02-415-1697,http://aju.ms.kr,남여공학,02-420-8294, ,N,일반계, ,전기,주간,19861207,19870501,20230615
B10,서울특별시교육청,7031202,아현중학교,Ahyeon Middle School,중학교,서울특별시,서울특별시서부교육지원청,공립,04117 ,서울특별시 마포구 마포대로 247,(아현동/아현중학교),02-363-1813,http://ahyeon.ms.kr,남여공학,02-392-4470, ,N,일반계, ,전기,주간,19800202,19800202,20230615
B10,서울특별시교육청,7041184,안천중학교,Ancheon Middle School,중학교,서울특별시,서울특별시남부교육지원청,공립,08597 ,서울특별시 금천구 한내로 69-44,(독산동/안천중학교),02-894-1204,http://www.ancheon.ms.kr,남여공학,02-894-5220, ,N,일반계, ,전기,주간,19910121,19910605,20230615
B10,서울특별시교육청,7091440,압구정중학교,Apgujeong Middle School,중학교,서울특별시,서울특별시강남서초교육지원청,공립,06003 ,서울특별시 강남구 압구정로 225,/ 압구정중학교 (압구정동/압구정중학교),02-543-1393,http://www.apgujeong.ms.kr,남여공학,02-514-7249, ,N,일반계, ,전기,주간,19830301,19830429,20230615
B10,서울특별시교육청,7081507,양강중학교,Yangkang Middle School,중학교,서울특별시,서울특별시강서양천교육지원청,공립,07935 ,서울특별시 양천구 중앙로 319,(신월동),02-2691-0869,http://www.yangkang.ms.kr,남여공학,02-2692-7853, ,N,일반계, ,전기,주간,19860217,19870507,20230615
B10,서울특별시교육청,7081508,양동중학교,Yangdong Middle School,중학교,서울특별시,서울특별시강서양천교육지원청,공립,07947 ,서울특별시 양천구 목동중앙북로 49,(목동/양동중학교),02-2648-3638,http://yangdong.sen.ms.kr,남여공학,02-2653-5248, ,N,일반계, ,전기,주간,19840109,19840109,20230615
B10,서울특별시교육청,7081509,양서중학교,Yangseo Middle School,중학교,서울특별시,서울특별시강서양천교육지원청,공립,07912 ,서울특별시 양천구 남부순환로 380,(신월동/양서중학교),02-6273-8106,http://www.yangseo.ms.kr,남여공학,02-2603-6676, ,N,일반계, ,전기,주간,19900120,19900506,20230615
B10,서울특별시교육청,7081522,양정중학교,Yang Chung Middle School ,중학교,서울특별시,서울특별시강서양천교육지원청,사립,07985 ,서울특별시 양천구 안양천로 1039,(목동/ 양정고등학교),02-2649-7077,http://ycsc.sen.ms.kr,남,02-2653-4827, ,N,일반계, ,전기,주간,19050211,19050512,20230615
B10,서울특별시교육청,7134137,양진중학교,Yangjin Middle School,중학교,서울특별시,서울특별시성동광진교육지원청,공립,04982 ,서울특별시 광진구 워커힐로 32,/ 양진중학교 ,02-2049-1200,http://www.yangjin.ms.kr,남여공학,02-2049-1208/1220, ,N,해당없음, ,전기,주간,20051229,20060514,20230615
B10,서울특별시교육청,7081510,양천중학교,Yangcheon Middle School,중학교,서울특별시,서울특별시강서양천교육지원청,공립,08037 ,서울특별시 양천구 지양로7길 32,(신월동/양천중학교),02-2694-2715,http://yangcheon.sen.ms.kr,남여공학,02-2694-4024, ,N,일반계, ,전기,주간,19900120,19900504,20240107
B10,서울특별시교육청,7041185,양화중학교,Yangwha Middle School,중학교,서울특별시,서울특별시남부교육지원청,공립,07293 ,서울특별시 영등포구 당산로 56,(문래동3가/양화중학교),02-2633-9284,http://yangwha.sen.ms.kr,남여공학,02-2637-6593, ,N,일반계, ,전기,주간,19801227,19801227,20230827
B10,서울특별시교육청,7091441,언남중학교,Eonnam Middle School,중학교,서울특별시,서울특별시강남서초교육지원청,공립,06780 ,서울특별시 서초구 동산로 55,(양재동/언남중학교),02-577-3038,www.eonnam.ms.kr,남여공학,02-574-0546, ,N,일반계, ,전기,주간,19881224,19890510,20230615
B10,서울특별시교육청,7091442,언북중학교,Eonbuk Middle School,중학교,서울특별시,서울특별시강남서초교육지원청,공립,06050 ,서울특별시 강남구 도산대로38길 27,(논현동/언북중학교),02-544-1311,http://eonbuk.sen.ms.kr,남여공학,02-516-1656, ,N,일반계, ,전기,주간,19820107,19820914,20230615
B10,서울특별시교육청,7091443,언주중학교,Eonju Middle School,중학교,서울특별시,서울특별시강남서초교육지원청,공립,06093 ,서울특별시 강남구 선릉로116길 57,/ 언주중학교 ,02-514-7174,http://www.eonju.ms.kr,남여공학,02-514-8335, ,N,일반계, ,전기,주간,19801227,19800501,20230615
B10,서울특별시교육청,7041186,여의도중학교,Yeouido Middle School,중학교,서울특별시,서울특별시남부교육지원청,공립,07341 ,서울특별시 영등포구 국제금융로7길 46,/ 여의도중학교 (여의도동),02-2199-9500,http://yeouido.sen.ms.kr,남여공학,02-786-7597, ,N,일반계, ,전기,주간,19721231,19730603,20230615
B10,서울특별시교육청,7091444,역삼중학교,Yeoksam Middle School,중학교,서울특별시,서울특별시강남서초교육지원청,공립,06219 ,서울특별시 강남구 도곡로43길 10,(역삼동/역삼중학교),02-558-1501,http://yeoksam.sen.ms.kr,남여공학,02-563-9770, ,N,일반계, ,전기,주간,19841208,19840406,20230615
B10,서울특별시교육청,7031203,연북중학교,Yeonbuk Middle School,중학교,서울특별시,서울특별시서부교육지원청,공립,03718 ,서울특별시 서대문구 연희로36길 32,(연희동/연북중학교),02-332-7378,http://www.yeonbuk.ms.kr,남여공학,02-337-5894, ,N,일반계, ,전기,주간,19841208,19850514,20230615
B10,서울특별시교육청,7031204,연서중학교,Yeonseo Middle School,중학교,서울특별시,서울특별시서부교육지원청,공립,03496 ,서울특별시 은평구 증산서길 125-6,(증산동/연서중학교),02-6715-8000,http://www.yeonseo.ms.kr,남여공학,02-376-1534, ,N,일반계, ,전기,주간,19711028,19711028,20230615
B10,서울특별시교육청,7031205,연신중학교,Yonsin Middle School,중학교,서울특별시,서울특별시서부교육지원청,공립,03342 ,서울특별시 은평구 연서로33길 16-32,(연신중학교/ 불광동),02-383-7831,http://www.yonsin.ms.kr,남여공학,02-383-7855, ,N,일반계, ,전기,주간,19820107,19820107,20230615
B10,서울특별시교육청,7031206,연천중학교,Yeoncheon Middle School,중학교,서울특별시,서울특별시서부교육지원청,공립,03338 ,서울특별시 은평구 연서로41길 30,(불광동),02-354-0514,http://yonchon.sen.ms.kr,남여공학,02-389-7601, ,N,일반계, ,전기,주간,19840109,19840504,20240526
B10,서울특별시교육청,7031207,연희중학교,Yeonhui Middle School,중학교,서울특별시,서울특별시서부교육지원청,공립,03670 ,서울특별시 서대문구 증가로 170,(남가좌동),02-372-2992,https://yonhi.sen.ms.kr,남여공학,02-302-6127, ,N,일반계, ,전기,주간,19711229,19720506,20230615
B10,서울특별시교육청,7081511,염경중학교,Yeomgyeong Middle School,중학교,서울특별시,서울특별시강서양천교육지원청,공립,07535 ,서울특별시 강서구 양천로69길 35,(염창동/염경중학교),02-3661-6252,http://yeomgyeong.sen.ms.kr,남여공학,02-3661-6287, ,N,해당없음, ,전기,주간,20051229,20060523,20230615
B10,서울특별시교육청,7051196,염광중학교,Yumkwang Middle School,중학교,서울특별시,서울특별시북부교육지원청,사립,01874 ,서울특별시 노원구 월계로45가길 9,/ 노원구 월계동 820 (월계동),02-906-1102,http://www.yumkwang.ms.kr,남여공학,02-996-8145, ,N,일반계, ,전기,주간,19651229,19661002,20230615
B10,서울특별시교육청,7081512,염창중학교,Yumchang Middle School,중학교,서울특별시,서울특별시강서양천교육지원청,공립,07536 ,서울특별시 강서구 양천로67가길 83,(염창동/염창중학교),02-3664-2885,http://yumchang.sen.ms.kr,남여공학,02-3665-5498, ,N,일반계, ,전기,주간,19840116,19840517,20230615
B10,서울특별시교육청,7041187,영남중학교,Yeongnam Middle School,중학교,서울특별시,서울특별시남부교육지원청,공립,07411 ,서울특별시 영등포구 대림로31나길 17,/ 영남중학교 (대림동),02-848-9333,http://yeongnam.sen.ms.kr,남여공학,02-831-7730, ,N,일반계, ,전기,주간,19800124,19801002,20240204
B10,서울특별시교육청,7081523,영도중학교,Yeongdo Middle School,중학교,서울특별시,서울특별시강서양천교육지원청,사립,07958 ,서울특별시 양천구 목동중앙남로 27,/ 영도중학교 (목동/강서고등학교),02-2643-0242,http://yeongdo21.sen.ms.kr,남,02-2652-5414, ,N,일반계, ,전기,주간,19380910,19521101,20230615
B10,서울특별시교육청,7091445,영동중학교,Youngdong Middle School,중학교,서울특별시,서울특별시강남서초교육지원청,공립,06765 ,서울특별시 서초구 성촌길 14,(우면동/영동중학교),02-3474-7386,http://youngdong.sen.ms.kr,남여공학,02-3474-1960, ,N,일반계, ,전기,주간,19691111,19700525,20230615
B10,서울특별시교육청,7132151,영등포중학교,Yeongdeungpo Middle School,중학교,서울특별시,서울특별시동작관악교육지원청,공립,06933 ,서울특별시 동작구 등용로8길 5,/ 영등포중학교 (대방동),02-815-6572,http://yeongdeungpo.sen.ms.kr,남여공학,02-816-0992, ,N,일반계, ,전기,주간,19060407,19060407,20230615
B10,서울특별시교육청,7031208,영락중학교,Youngnak Middle School,중학교,서울특별시,서울특별시서부교육지원청,사립,03475 ,서울특별시 은평구 백련산로 134-6,/ 영락중학교 (응암동),02-388-4033,http://yn.sen.ms.kr,남여공학,02-388-5497, ,N,일반계, ,전기,주간,19520610,19520610,20230615
B10,서울특별시교육청,7021135,영란여자중학교,Youngran Girls’ Middle School,중학교,서울특별시,서울특별시동부교육지원청,사립,02061 ,서울특별시 중랑구 망우로73길 56,(망우동),02-2209-0143,http://www.youngran.ms.kr,여,02-2209-2683, ,N,일반계, ,전기,주간,19690115,19690115,20230615
B10,서울특별시교육청,7041188,영림중학교,Younglim Middle School,중학교,서울특별시,서울특별시남부교육지원청,공립,08299 ,서울특별시 구로구 가마산로27길 17,/ 영림중학교 (구로동),02-859-0320,http://younglim.ms.kr/,남여공학,02-858-6012, ,N,일반계, ,전기,주간,19790131,19791019,20230615
B10,서울특별시교육청,7041189,영서중학교,Yeongseo Middle School,중학교,서울특별시,서울특별시남부교육지원청,공립,08370 ,서울특별시 구로구 도림로20길 35,(구로동),02-856-9567,http://www.yeongseo.ms.kr,남여공학,02-837-6639, ,N,일반계, ,전기,주간,19800124,19800303,20230615
B10,서울특별시교육청,7041190,영원중학교,Yeong-won Middle School,중학교,서울특별시,서울특별시남부교육지원청,공립,07310 ,서울특별시 영등포구 영등포로62길 31,(영등포동/영원중학교),02-843-2028,http://www.youngwon.ms.kr,남여공학,02-847-0201, ,N,일반계, ,전기,주간,19500524,19500607,20230615
B10,서울특별시교육청,7130196,영파여자중학교,Young-Pa Girls’ Middle School,중학교,서울특별시,서울특별시강동송파교육지원청,사립,05529 ,서울특별시 송파구 올림픽로 565,(풍납동),02-488-4074,http://youngpa.sen.ms.kr,여,02-487-9810, ,N,일반계, ,전기,주간,19671028,19671028,20230615
B10,서울특별시교육청,7121369,영훈국제중학교,YoungHoon International Middle School,중학교,서울특별시,서울특별시성북강북교육지원청,사립,01211 ,서울특별시 강북구 도봉로13가길 19,(미아동/학교법인영훈학원),82-2-970-4777,http://www.younghoon.ms.kr,남여공학,02-980-7209, ,N,일반계, ,전기,주간,19690115,19690327,20230615
B10,서울특별시교육청,7031209,예일여자중학교,Yale Girls` Junior High school,중학교,서울특별시,서울특별시서부교육지원청,사립,03412 ,서울특별시 은평구 연서로 117,(구산동),02-380-0905,https://yale.sen.ms.kr/,여,02-380-0988, ,N,일반계, ,전기,주간,19650926,19650926,20230615
B10,서울특별시교육청,7130197,오금중학교,Ogeum Middle School,중학교,서울특별시,서울특별시강동송파교육지원청,공립,05660 ,서울특별시 송파구 오금로35길 20,(오금동/오금중학교),02-402-4778,http://www.ogeum.ms.kr,남여공학,02-430-6447, ,N,일반계, ,전기,주간,19861217,19870421,20230615
B10,서울특별시교육청,7041191,오남중학교,OHNAM Middle School,중학교,서울특별시,서울특별시남부교육지원청,공립,08363 ,서울특별시 구로구 오리로9길 25,(오류동),02-2687-4235,http://www.ohnam.ms.kr,남여공학,02-2686-7436, ,N,일반계, ,전기,주간,19880202,19880202,20230615
B10,서울특별시교육청,7041192,오류중학교,Oryu Middle School,중학교,서울특별시,서울특별시남부교육지원청,공립,08242 ,서울특별시 구로구 고척로27바길 19,(고척동),02-2612-2602,http://www.oryu.ms.kr,남여공학,02-2688-9667, ,N,일반계, ,전기,주간,19760306,19760406,20230615
B10,서울특별시교육청,7130198,오륜중학교,Oryun Middle School,중학교,서울특별시,서울특별시강동송파교육지원청,공립,05649 ,서울특별시 송파구 양재대로 1242,(방이동/오륜중학교),02-3434-4100,http://oryun.sen.ms.kr,남여공학,02-3434-4199, ,N,일반계, ,전기,주간,19881224,19890418,20230615
B10,서울특별시교육청,7061110,오산중학교,Osan Middle School,중학교,서울특별시,서울특별시중부교육지원청,사립,04396 ,서울특별시 용산구 보광로7길 17,(보광동/오산중학교),02-7999-400,http://www.os.ms.kr,남,02-7999-499, ,N,일반계, ,전기,주간,19070515,19070515,20230709
B10,서울특별시교육청,7130199,오주중학교,Oju Middle School,중학교,서울특별시,서울특별시강동송파교육지원청,공립,05728 ,서울특별시 송파구 동남로 281,(오금동/ 오주중학교),02-3434-7500,http://www.oju.ms.kr,남여공학,02-3434-7599, ,N,일반계, ,전기,주간,19840109,19840901,20230615
B10,서울특별시교육청,7134138,옥정중학교,Ok-Jung Middle School,중학교,서울특별시,서울특별시성동광진교육지원청,공립,04734 ,서울특별시 성동구 한림말길 11,/ 옥정중학교 (옥수동),02-6021-2100,http://okjung.sen.ms.kr,남여공학,02-2298-1303, ,N,일반계, ,전기,주간,19840109,19840511,20230615
B10,서울특별시교육청,7051197,온곡중학교,Ongok Middle School,중학교,서울특별시,서울특별시북부교육지원청,공립,01678 ,서울특별시 노원구 노원로 492,(상계동/온곡중학교),02-934-8908,http://ongok.sen.ms.kr,남여공학,02-930-9283, ,N,일반계, ,전기,주간,19910121,19910506,20230910
B10,서울특별시교육청,7061111,용강중학교,Yong-gang Middle School,중학교,서울특별시,서울특별시중부교육지원청,공립,04423 ,서울특별시 용산구 이촌로65가길 91,(이촌동),02-795-6176,http://www.yonggang.ms.kr,남여공학,02-795-5707, ,N,일반계, ,전기,주간,19681101,19681017,20230615
B10,서울특별시교육청,7134139,용곡중학교,Yong-gok Middle School,중학교,서울특별시,서울특별시성동광진교육지원청,공립,04940 ,서울특별시 광진구 용마산로22길 76,(중곡동/용곡중학교),02-452-2622,http://yonggok.sen.ms.kr/index.do,남여공학,02-458-8566, ,N,일반계, ,전기,주간,19821209,19830504,20230615
B10,서울특별시교육청,7021136,용마중학교,Yongma Middle School,중학교,서울특별시,서울특별시동부교육지원청,공립,02254 ,서울특별시 중랑구 면목로28길 18,/ 용마중학교 (면목동),02-439-6220,http://yongma.ms.kr,남여공학,02-439-3968, ,N,일반계, ,전기,주간,20010301,20000301,20230615
B10,서울특별시교육청,7121351,용문중학교,Yongmoon Middle School,중학교,서울특별시,서울특별시성북강북교육지원청,사립,02843 ,서울특별시 성북구 고려대로17가길 46,(안암동2가/ 용문중고등학교),02-926-4238,http://yongmoon.sen.ms.kr,남,02-6012-3633, ,N,일반계, ,전기,주간,19461012,19461012,20230615
B10,서울특별시교육청,7061112,용산중학교,Yongsan Middle School,중학교,서울특별시,서울특별시중부교육지원청,공립,04353 ,서울특별시 용산구 두텁바위로 74,(용산동2가),070-4000-3800,http://www.ys.ms.kr,남,02-319-1625, ,N,일반계, ,전기,주간,19450909,19450909,20230615
B10,서울특별시교육청,7041193,우신중학교,Wooshin Middle School,중학교,서울특별시,서울특별시남부교육지원청,사립,08258 ,서울특별시 구로구 부일로 917,/ 우신중학교 (궁동),02-2610-1610,http://wooshin.sen.ms.kr,남,02-2610-1609, ,N,일반계, ,전기,주간,19740105,19740305,20240519
B10,서울특별시교육청,7021137,원묵중학교,Wonmook Middle School,중학교,서울특별시,서울특별시동부교육지원청,공립,02022 ,서울특별시 중랑구 신내로23길 57,/ 원묵중학교 (묵동),02-2094-9800,http://wonmook.ms.kr,남여공학,02-2094-9862, ,N,일반계, ,전기,주간,19960115,19961022,20230615
B10,서울특별시교육청,7091446,원촌중학교,Wonchon Middle School,중학교,서울특별시,서울특별시강남서초교육지원청,공립,06544 ,서울특별시 서초구 사평대로45길 10,(반포동/원촌중학교),02-3482-6053,http://wonchon.sen.ms.kr,남여공학,02-535-0238, ,N,일반계, ,전기,주간,19821209,19830426,20230615
B10,서울특별시교육청,7051198,월계중학교,Wolgye Middle School,중학교,서울특별시,서울특별시북부교육지원청,공립,01877 ,서울특별시 노원구 월계로45가길 54,(월계동),02-993-3115,http://www.iwolgye.ms.kr,남여공학,02-990-7450, ,N,일반계, ,전기,주간,19810409,19810422,20230615
B10,서울특별시교육청,7121352,월곡중학교,Wolgok Middle School,중학교,서울특별시,서울특별시성북강북교육지원청,공립,02773 ,서울특별시 성북구 장월로 6,(상월곡동/월곡중학교),02-6496-6600,http://www.wolgok.ms.kr,남여공학,02-6496-6692, ,N,일반계, ,전기,주간,19860129,19860514,20230615
B10,서울특별시교육청,7081513,월촌중학교,Wolchon Middle School,중학교,서울특별시,서울특별시강서양천교육지원청,공립,07984 ,서울특별시 양천구 목동서로 31,(목동/서울월촌중학교),02-2648-8570,http://wolchonnet.sen.ms.kr,남여공학,02-2648-8577, ,N,일반계, ,전기,주간,19910121,19910504,20230615
B10,서울특별시교육청,7130271,위례솔중학교,Wiryesol Middle School,중학교,서울특별시,서울특별시강동송파교육지원청,공립,05846 ,서울특별시 송파구 위례북로2길 10 ,/ 위례솔중학교 (거여동),02-402-0122,wiryesol.sen.ms.kr,남여공학,02-402-0128, ,N,해당없음, ,후기,주간,20220301,20220501,20230615
B10,서울특별시교육청,7041194,윤중중학교,Yunjung Middle School,중학교,서울특별시,서울특별시남부교육지원청,공립,07322 ,서울특별시 영등포구 여의동로3길 3,/ 윤중중학교 (여의도동),02-783-4478,http://yunjung.sen.ms.kr,남여공학,02-786-9111, ,N,일반계, ,전기,주간,19810902,19820419,20230615
B10,서울특별시교육청,7091454,은성중학교,Eunseong Middle School,중학교,서울특별시,서울특별시강남서초교육지원청,사립,06264 ,서울특별시 강남구 남부순환로359길 36,(도곡동/은광여자고등학교),02-3462-2003,http://eunseong.sen.ms.kr,남여공학,02-3462-0088, ,N,일반계, ,전기,주간,19550316,19461015,20230615
B10,서울특별시교육청,7031210,은평중학교,Eunpyeong Middle School,중학교,서울특별시,서울특별시서부교육지원청,공립,03429 ,서울특별시 은평구 갈현로17나길 12-1,(구산동),02-382-3545,http://www.eunpyeong.ms.kr,남여공학,02-382-3547, ,N,일반계, ,전기,주간,19840109,19840504,20230615
B10,서울특별시교육청,7051199,을지중학교,Eulji Middle School,중학교,서울특별시,서울특별시북부교육지원청,공립,01741 ,서울특별시 노원구 덕릉로 580,(중계동),02-938-7083,www.eulji.ms.kr,남여공학,02-932-8294, ,N,해당없음, ,전기,주간,20040301,20040301,20230615
B10,서울특별시교육청,7091447,이수중학교,Isu Middle School,중학교,서울특별시,서울특별시강남서초교육지원청,공립,06689 ,서울특별시 서초구 방배중앙로3길 32,(방배동/이수중학교),02-521-4651,http://www.isu.ms.kr,남,02-521-1283, ,N,일반계, ,전기,주간,19820107,19820921,20230615
B10,서울특별시교육청,7031211,이화여자대학교사범대학부속이화・금란중학교,Ewha Womans University  Middle School,중학교,서울특별시,서울특별시서부교육지원청,사립,03765 ,서울특별시 서대문구 성산로 520,(대신동),02-392-6175,ewha.sen.ms.kr,남여공학,02-392-7336, ,N,일반계, ,전기,주간,19550228,19550408,20230615
B10,서울특별시교육청,7121353,인수중학교,Insu Middle School,중학교,서울특별시,서울특별시성북강북교육지원청,공립,01015 ,서울특별시 강북구 인수봉로75길 10,(수유동/ 인수중학교),02-900-7801,http://www.insu.ms.kr,남여공학,02-900-7981, ,N,일반계, ,전기,주간,19860129,19860504,20230615
B10,서울특별시교육청,7031212,인왕중학교,Inwang Middle School,중학교,서울특별시,서울특별시서부교육지원청,공립,03620 ,서울특별시 서대문구 세검정로4길,/ 69 (홍제동),02-396-5406,http://www.inwang.ms.kr,남여공학,02-396-5416, ,N,해당없음, ,전기,주간,20100301,20100301,20230615
B10,서울특별시교육청,7031213,인창중학교,Inchang Middle School,중학교,서울특별시,서울특별시서부교육지원청,사립,03746 ,서울특별시 서대문구 경기대로 65,(충정로2가/인창중학교),02-300-4567,http://ic.ms.kr/,남,02-300-4501, ,N,일반계, ,전기,주간,19450901,19531010,20230615
B10,서울특별시교육청,7132152,인헌중학교,Inhun Middle School,중학교,서울특별시,서울특별시동작관악교육지원청,공립,08795 ,서울특별시 관악구 인헌9길 35,/ 인헌중학교 (봉천동),02-877-6760,http://inhun.ms.kr,남여공학,02-885-5564, ,N,일반계, ,전기,주간,19710116,19710520,20230615
B10,서울특별시교육청,7130200,일신여자중학교,Ilsin Girls’ Middle School,중학교,서울특별시,서울특별시강동송파교육지원청,사립,05676 ,서울특별시 송파구 송파대로38길 8,(송파동/일신여자중학교),02-2140-8131,http://ilsin.sen.ms.kr,여,02-2140-8136, ,N,일반계, ,전기,주간,19740301,19740301,20230615
B10,서울특별시교육청,7134140,자양중학교,Jayang Middle School,중학교,서울특별시,서울특별시성동광진교육지원청,공립,05069 ,서울특별시 광진구 뚝섬로41길 33,(자양동/서울자양중학교),02-446-0365,http://jayang.sen.ms.kr,남여공학,02-458-7047, ,N,일반계, ,전기,주간,19840301,19840301,20230615
B10,서울특별시교육청,7130201,잠신중학교,Jamsin Middle School,중학교,서울특별시,서울특별시강동송파교육지원청,공립,05502 ,서울특별시 송파구 잠실로 12,/ 잠신중학교 (잠실동),02-2251-1234,http://jamsin.ms.kr,남여공학,02-2251-1591, ,N,일반계, ,전기,주간,19840109,19840425,20230615
B10,서울특별시교육청,7130202,잠실중학교,Jamsil Middle School,중학교,서울특별시,서울특별시강동송파교육지원청,공립,05504 ,서울특별시 송파구 올림픽로35길 130,(신천동),02-420-8051,http://jamsil.sen.ms.kr,남여공학,02-420-8055, ,N,일반계, ,전기,주간,19800124,19800506,20230615
B10,서울특별시교육청,7132153,장승중학교,Jangseung Middle School,중학교,서울특별시,서울특별시동작관악교육지원청,공립,06963 ,서울특별시 동작구 장승배기로10가길 25,/ 장승중학교 (상도동),02-812-4416,https://jangseung.sen.ms.kr,남여공학,02-822-1618, ,N,일반계, ,전기,주간,19850424,19850424,20230615
B10,서울특별시교육청,7021138,장안중학교,Jang-an Middle School,중학교,서울특별시,서울특별시동부교육지원청,공립,02088 ,서울특별시 중랑구 동일로 780,/ 장안중학교 (중화동),02-6930-3300,http://www.jangan70.ms.kr,남여공학,02-496-6344, ,N,일반계, ,전기,주간,19691111,19691111,20230615
B10,서울특별시교육청,7061113,장원중학교,Jangwon Middle School,중학교,서울특별시,서울특별시중부교육지원청,공립,04603 ,서울특별시 중구 동호로15길 93-34,(신당동),02-2238-1181,http://www.jangwon.ms.kr,남여공학,02-2238-3761, ,N,일반계, ,전기,주간,19680806,19681002,20230615
B10,서울특별시교육청,7121354,장위중학교,Jangwi Middle School,중학교,서울특별시,서울특별시성북강북교육지원청,공립,02743 ,서울특별시 성북구 장위로4길 70,(장위동/장위중학교),02-941-1672,http://www.jangwi.ms.kr,남여공학,02-919-4360, ,N,일반계, ,전기,주간,19841208,19841208,20230615
B10,서울특별시교육청,7061114,장충중학교,Jangchung Middle School,중학교,서울특별시,서울특별시중부교육지원청,사립,04603 ,서울특별시 중구 동호로15길 93,(신당동),02-2233-9990,http://www.jangchung.ms.kr,남,02-2236-6660, ,N,일반계, ,전기,주간,19470825,19470825,20230615
B10,서울특별시교육청,7021139,장평중학교,Jangpyung Middle School,중학교,서울특별시,서울특별시동부교육지원청,공립,02640 ,서울특별시 동대문구 답십리로72길 158,/ 장평중학교 (장안동),02-2243-8282,http://www.jangpyung.ms.kr,남여공학,02-2243-8284, ,N,일반계, ,전기,주간,19671020,19671020,20230615
B10,서울특별시교육청,7051200,재현중학교,Jaehyun Middle School,중학교,서울특별시,서울특별시북부교육지원청,사립,01717 ,서울특별시 노원구 덕릉로82길 64,(중계동/재현중/고등학교),02-932-4816,http://jaehyun.sen.ms.kr,남여공학,02-6000-9358, ,N,일반계, ,전기,주간,19710303,19710401,20230615
B10,서울특별시교육청,7021140,전농중학교,Jeonnong Middle School,중학교,서울특별시,서울특별시동부교육지원청,공립,02506 ,서울특별시 동대문구 사가정로13길 71,(전농동/전농중학교),02-2242-6652,http://www.jeonnong.ms.kr,남여공학,02-2242-6651, ,N,일반계, ,전기,주간,19671027,19680309,20230615
B10,서울특별시교육청,7021141,전동중학교,Jeondong Middle School,중학교,서울특별시,서울특별시동부교육지원청,공립,02511 ,서울특별시 동대문구 장안벚꽃로 291,(휘경동/전동중학교),02-2212-9266,http://jeondong.sen.ms.kr,남여공학,02-2248-0372, ,N,일반계, ,전기,주간,19841208,19850503,20230615
B10,서울특별시교육청,7021142,전일중학교,Jeonil Middle School,중학교,서울특별시,서울특별시동부교육지원청,공립,02506 ,서울특별시 동대문구 사가정로13길 67,/ 전일중학교 (전농동),02-2245-2745,http://www.jeonil.ms.kr,남여공학,02-2243-6693, ,N,일반계, ,전기,주간,19740304,19741002,20230615
B10,서울특별시교육청,7130203,정신여자중학교,Chungshin Girls’ Middle School,중학교,서울특별시,서울특별시강동송파교육지원청,사립,05571 ,서울특별시 송파구 올림픽로4길 16,/ 정신여자중학교 (잠실동),02-423-4123,http://chungshin.sen.ms.kr,여,02-423-8322, ,N,일반계, ,전기,주간,18871020,18871020,20230615
B10,서울특별시교육청,7031214,정원여자중학교,Jungwon Girls’ Middle School,중학교,서울특별시,서울특별시서부교육지원청,사립,03652 ,서울특별시 서대문구 연희로37안길 51,/ 정원여자중학교 (홍은동),02-394-6301,https://jungwon.sen.ms.kr/,여,02-391-6306, ,N,일반계, ,전기,주간,19690115,19690408,20230615
B10,서울특별시교육청,7051201,정의여자중학교,Jeongeui Girls’ Middle School,중학교,서울특별시,서울특별시북부교육지원청,사립,01438 ,서울특별시 도봉구 노해로49길 69,/ 정의여자중학교 (쌍문동),02-3499-5300,http://www.jeongeui.ms.kr,여,02-991-7493, ,N,일반계, ,전기,주간,19710130,19710130,20230615
B10,서울특별시교육청,7021143,정화여자중학교,Jeonghwa Girls’ Middle School,중학교,서울특별시,서울특별시동부교육지원청,사립,02480 ,서울특별시 동대문구 홍릉로15길 50,/ 정화여자중학교 (제기동),02-966-9332,http://www.jhg.ms.kr,여,02-966-9336, ,N,일반계, ,전기,주간,19080901,19080901,20230615
B10,서울특별시교육청,7121355,종암중학교,Jongam Middle School,중학교,서울특별시,서울특별시성북강북교육지원청,공립,02809 ,서울특별시 성북구 종암로5길 80-17,(종암동/종암중학교),02-928-7041,http://jongam.sen.ms.kr,남여공학,02-922-1969, ,N,일반계, ,전기,주간,19800409,19800409,20230615
B10,서울특별시교육청,7051202,중계중학교,Junggye Middle School,중학교,서울특별시,서울특별시북부교육지원청,공립,01712 ,서울특별시 노원구 덕릉로76길 23,(중계동),02-932-2545,http://junggye.sen.ms.kr,남여공학,02-932-2544, ,N,일반계, ,전기,주간,19940105,19940506,20230615
B10,서울특별시교육청,7091455,중동중학교,Joongdong Middle School,중학교,서울특별시,서울특별시강남서초교육지원청,사립,06344 ,서울특별시 강남구 일원로8길 37,중동중학교,070-7092-9300,https://joongdong.sen.ms.kr/ ,남,02-445-9882, ,N,일반계, ,전기,주간,19060510,19060510,20230615
B10,서울특별시교육청,7021144,중랑중학교,Joongrang Middle School,중학교,서울특별시,서울특별시동부교육지원청,공립,02047 ,서울특별시 중랑구 동일로140길 33,/ 중랑중학교 (중화동),02-437-5312,http://www.joongrang.ms.kr,남여공학,02-494-3694, ,N,일반계, ,전기,주간,19721229,19731015,20230624
B10,서울특별시교육청,7031215,중암중학교,Joongam Middle School,중학교,서울특별시,서울특별시서부교육지원청,공립,03934 ,서울특별시 마포구 월드컵북로38길 25,(중동/중암중학교),02-309-5778, http://joongam.sen.ms.kr  ,남여공학,02-305-4915, ,N,일반계, ,전기,주간,19841208,19850513,20230615
B10,서울특별시교육청,7132154,중앙대학교사범대학부속중학교,Chung-ang University Middle school,중학교,서울특별시,서울특별시동작관악교육지원청,사립,06980 ,서울특별시 동작구 서달로 124,/ 중앙대학교사범대학부속중학교 (흑석동),02-827-9114,http://www.cau.ms.kr,남여공학,02-817-9018, ,N,일반계, ,전기,주간,19340415,19340415,20230615
B10,서울특별시교육청,7031216,중앙여자중학교,Jungang Girls’ Middle School,중학교,서울특별시,서울특별시서부교육지원청,사립,03762 ,서울특별시 서대문구 북아현로11가길 7,(북아현동/ 중앙여자중학교),02-362-3063,http://jungang1940.ms.kr,여,02-393-5129, ,N,일반계, ,전기,주간,19401010,19401010,20230615
B10,서울특별시교육청,7061115,중앙중학교,Choongang Middle School,중학교,서울특별시,서울특별시중부교육지원청,사립,03051 ,서울특별시 종로구 창덕궁길 164,(계동),02-742-1325,https://choongang.sen.ms.kr/,남여공학,02-745-3643, ,N,일반계, ,전기,주간,19080601,19080620,20230615
B10,서울특별시교육청,7051203,중원중학교,Joongwon Middle School,중학교,서울특별시,서울특별시북부교육지원청,공립,01787 ,서울특별시 노원구 공릉로 420,(중계동/중원중학교),02-971-2788,http://joongwon.ms.kr,남여공학,02-949-5481, ,N,일반계, ,전기,주간,19910121,19910506,20230615
B10,서울특별시교육청,7051204,중평중학교,Jungpyong Middle School,중학교,서울특별시,서울특별시북부교육지원청,공립,01776 ,서울특별시 노원구 동일로203길 87,(하계동/중평중학교),02-977-3026,http://jungpyong.sen.ms.kr/,남여공학,02-977-0683, ,N,일반계, ,전기,주간,19900120,19900506,20230615
B10,서울특별시교육청,7021145,중화중학교,Junghwa Middle School,중학교,서울특별시,서울특별시동부교육지원청,공립,02193 ,서울특별시 중랑구 용마산로 364,(면목동/중화중학교),02-439-5811,http://www.junghwa.ms.kr,남여공학,02-434-4781, ,N,일반계, ,전기,주간,19700303,19700303,20230615
B10,서울특별시교육청,7031217,증산중학교,Jeungsan Middle School,중학교,서울특별시,서울특별시서부교육지원청,공립,03493 ,서울특별시 은평구 증산로5길 27-30,/ 증산중학교 (증산동),02-303-9294,http://www.jeungsan.ms.kr,남여공학,02-376-3496, ,N,일반계, ,전기,주간,19860129,19860417,20230615
B10,서울특별시교육청,7031218,진관중학교,Jingwan Middle School,중학교,서울특별시,서울특별시서부교육지원청,공립,03302 ,서울특별시 은평구 진관4로 36,(진관동),02-383-5378/5379,http://jingwan.sen.ms.kr,남여공학,02-383-3696, ,N,해당없음, ,전기,주간,20080901,20180501,20230615
B10,서울특별시교육청,7091456,진선여자중학교,Jinseon Girls’ Middle School,중학교,서울특별시,서울특별시강남서초교육지원청,사립,06213 ,서울특별시 강남구 선릉로85길 27,(역삼동/ 진선여자중학교),02-2185-4300,http://jinseon.sen.ms.kr,여,02-2185-4397, ,N,일반계, ,전기,주간,19761228,19760520,20230615
B10,서울특별시교육청,7061116,창덕여자중학교,Changdeok Girls’ Middle School,중학교,서울특별시,서울특별시중부교육지원청,공립,04516 ,서울특별시 중구 정동길 22,/ 창덕여자중학교 (정동),02-2125-8000,http://cd.sen.ms.kr,여,02-2125-8055, ,N,일반계, ,전기,주간,19451130,19450422,20230615
B10,서울특별시교육청,7051205,창동중학교,Changdong Middle School,중학교,서울특별시,서울특별시북부교육지원청,공립,01338 ,서울특별시 도봉구 방학로 32,/ 창동중학교 (방학동),02-2289-6600,http://www.changdong.ms.kr,남여공학,02-954-8470, ,N,일반계, ,전기,주간,19830301,19830421,20230615
B10,서울특별시교육청,7121366,창문여자중학교,Changmun Girls’ Middle School,중학교,서울특별시,서울특별시성북강북교육지원청,사립,01237 ,서울특별시 강북구 월계로 61,(송중동/ 창문여자중고등학교),02-986-1703,http://changmun.sen.ms.kr,여,02-985-1316, ,N,일반계, ,전기,주간,19721010,19721010,20230615
B10,서울특별시교육청,7051206,창북중학교,Changbook Middle School,중학교,서울특별시,서울특별시북부교육지원청,공립,01483 ,서울특별시 도봉구 노해로62길 33,(창동/창북중학교),02-907-8244,http://www.changbook.ms.kr,남여공학,02-991-9044, ,N,일반계, ,전기,주간,19861217,19870507,20230615
B10,서울특별시교육청,7051207,창일중학교,Chang-il Middle School,중학교,서울특별시,서울특별시북부교육지원청,공립,01424 ,서울특별시 도봉구 노해로66길 60,(창동/창일중학교),02-994-5934,http://www.changil.ms.kr,남여공학,02-991-8804, ,N,일반계, ,전기,주간,19910122,19911002,20230615
B10,서울특별시교육청,7031219,창천중학교,Changchun Middle School,중학교,서울특별시,서울특별시서부교육지원청,공립,04102 ,서울특별시 마포구 백범로1길 56,(노고산동),02-701-9595,http://changchun.sen.ms.kr,남여공학,02-701-9989, ,N,해당없음, ,전기,주간,20090301,20090401,20230615
B10,서울특별시교육청,7041238,천왕중학교,Cheonwang Middle School,중학교,서울특별시,서울특별시남부교육지원청,공립,08364 ,서울특별시 구로구 천왕로 63,(천왕동/ 천왕중학교),02-2618-2832,http://cheonwang.ms.kr,남여공학,02-2618-2851, ,N,해당없음, ,전기,주간,20130301,20130301,20240121
B10,서울특별시교육청,7130204,천일중학교,Cheonil Middle School,중학교,서울특별시,서울특별시강동송파교육지원청,공립,05323 ,서울특별시 강동구 천중로 57,(천호동/천일중학교),02-470-3542,http://www.cheonil.ms.kr,남여공학,02-475-1805, ,N,일반계, ,전기,주간,19940105,19940506,20230615
B10,서울특별시교육청,7130205,천호중학교,Cheonho Middle School,중학교,서울특별시,서울특별시강동송파교육지원청,공립,05308 ,서울특별시 강동구 상암로 153,(천호동),02-470-7075,http://www.cheonho.ms.kr,남여공학,02-485-5621, ,N,일반계, ,전기,주간,19691107,19691107,20230615
B10,서울특별시교육청,7091448,청담중학교,Cheongdam Middle School,중학교,서울특별시,서울특별시강남서초교육지원청,공립,06010 ,서울특별시 강남구 압구정로61길 36,(청담동/청담중학교),02-511-5151,http://www.cheongdam.ms.kr,남여공학,02-549-9834, ,N,일반계, ,전기,주간,19840301,19840427,20230615
B10,서울특별시교육청,7021146,청량중학교,Cheongryang Middle School,중학교,서울특별시,서울특별시동부교육지원청,공립,02461 ,서울특별시 동대문구 왕산로 301,(청량리동),02-966-4284,http://cheongryang.sen.ms.kr,남여공학,02-968-2857, ,N,일반계, ,전기,주간,19510830,19510830,20230615
B10,서울특별시교육청,7061117,청운중학교,Cheong-un Middle School,중학교,서울특별시,서울특별시중부교육지원청,공립,03047 ,서울특별시 종로구 창의문로 51,(청운동),02-737-0582,https://cheongun.sen.ms.kr,남,02-723-4370, ,N,일반계, ,전기,주간,19520201,19520201,20230615
B10,서울특별시교육청,7051208,청원중학교,Cheongwon Middle School,중학교,서울특별시,서울특별시북부교육지원청,사립,01672 ,서울특별시 노원구 한글비석로 506,/ 청원중학교 (상계동/청원초/중/고등학교),02-3399-7878,http://cheongwon.ms.kr,남여공학,02-3399-7860, ,N,일반계, ,전기,주간,19550427,19550427,20230615
B10,서울특별시교육청,7031220,충암중학교,Choongam Middle School,중학교,서울특별시,서울특별시서부교육지원청,사립,03481 ,서울특별시 은평구 가좌로5길 5,(응암동),070-5002-8740,https://choongam.sen.ms.kr/,남여공학,02-303-3001, ,N,일반계, ,전기,주간,19650201,19660301,20230615
B10,서울특별시교육청,7051209,태랑중학교,Taerang Middle School,중학교,서울특별시,서울특별시북부교육지원청,공립,01801 ,서울특별시 노원구 화랑로51나길 51,/ 태랑중학교 (공릉동),02-973-1355,http://www.taerang.ms.kr,남여공학,02-973-1409, ,N,일반계, ,전기,주간,20010611,20020507,20230615
B10,서울특별시교육청,7021147,태릉중학교,Taereung Middle School,중학교,서울특별시,서울특별시동부교육지원청,공립,02040 ,서울특별시 중랑구 공릉로2길 60-25,(묵동),02-973-5551,www.taereung.ms.kr,남여공학,02-971-2113, ,N,일반계, ,전기,주간,19720901,19760318,20230615
B10,서울특별시교육청,7130206,풍납중학교,Pungnap Middle School,중학교,서울특별시,서울특별시강동송파교육지원청,공립,05506 ,서울특별시 송파구 올림픽로43길 20,(풍납동),02-2225-2000,http://www.pungnap.ms.kr,남여공학,02-2225-2005, ,N,일반계, ,전기,주간,19821209,19830411,20230615
B10,서울특별시교육청,7130207,풍성중학교,Pungsung Middle School,중학교,서울특별시,서울특별시강동송파교육지원청,공립,05506 ,서울특별시 송파구 강동대로2길 27,(풍납동/ 풍성중학교),02-2224-7700,http://www.pungsung.ms.kr,남여공학,02-2224-7788, ,N,일반계, ,전기,주간,19910121,19910430,20230615
B10,서울특별시교육청,7051210,하계중학교,Hagye Middle School,중학교,서울특별시,서울특별시북부교육지원청,공립,01791 ,서울특별시 노원구 노원로 261-8,(하계동),02-3399-0200,http://www.hagye.ms.kr,남여공학,02-948-2883, ,N,일반계, ,전기,주간,19821209,19830504,20230615
B10,서울특별시교육청,7061118,한강중학교,Hangang Middle School,중학교,서울특별시,서울특별시중부교육지원청,공립,04384 ,서울특별시 용산구 녹사평대로 73,(서빙고동),02-794-1791,http://hangang.sen.ms.kr,남여공학,02-792-9642, ,N,일반계, ,전기,주간,19721229,19721229,20230615
B10,서울특별시교육청,7130208,한산중학교,Hansan Middle School,중학교,서울특별시,서울특별시강동송파교육지원청,공립,05371 ,서울특별시 강동구 풍성로 251,(둔촌동),02-474-4903,http://urihansan.ms.kr,남여공학,02-485-8092, ,N,일반계, ,전기,주간,19900120,19900426,20230615
B10,서울특별시교육청,7121367,한성여자중학교,Hansung Girls’ Middle School,중학교,서울특별시,서울특별시성북강북교육지원청,사립,02876 ,서울특별시 성북구 삼선교로16길 118,(삼선동2가/한성여자중학교),02-742-2542,http://hansung.sen.ms.kr,여,02-745-8858, ,N,일반계, ,전기,주간,19451005,19451005,20230615
B10,서울특별시교육청,7031221,한성중학교,Hanseong Middle School,중학교,서울특별시,서울특별시서부교육지원청,사립,03771 ,서울특별시 서대문구 북아현로1길 24,(북아현동/한성중학교),02-365-4942,http://www.hanseong.ms.kr,남,02-364-6926, ,N,일반계, ,전기,주간,19280925,19280925,20230615
B10,서울특별시교육청,7134141,한양대학교사범대학부속중학교,Hanyang University Middle School,중학교,서울특별시,서울특별시성동광진교육지원청,사립,04761 ,서울특별시 성동구 마조로 42,(사근동/한양사대부속중·고등학교),02-2200-3700,https://hyu.sen.ms.kr,남여공학,02-2298-3173, ,N,일반계, ,전기,주간,19600118,19600118,20230615
B10,서울특별시교육청,7061119,한양중학교,Hanyang Middle School,중학교,서울특별시,서울특별시중부교육지원청,사립,04566 ,서울특별시 중구 을지로 299,(신당동),02-2234-4725,http://hanyang.sen.ms.kr,남,02-2179-8344, ,N,일반계, ,전기,주간,19480901,19480901,20230615
B10,서울특별시교육청,7130209,한영중학교,Hanyoung Middle School,중학교,서울특별시,서울특별시강동송파교육지원청,사립,05279 ,서울특별시 강동구 동남로 832,/ 한영중학교 (상일동),02-6954-1403,http://hanyoung.sen.ms.kr,남여공학,02-426-0131, ,N,일반계, ,전기,주간,19330418,19330418,20230615
B10,서울특별시교육청,7041195,한울중학교,Hanwool Middle School,중학교,서울특별시,서울특별시남부교육지원청,공립,08566 ,서울특별시 금천구 독산로50길 60,한울중학교,02-856-4941,http://www.hanwool.ms.kr,남여공학,02-858-5382, ,N,일반계, ,전기,주간,19711229,19711229,20230615
B10,서울특별시교육청,7051212,한천중학교,Hancheon Middle School,중학교,서울특별시,서울특별시북부교육지원청,공립,01832 ,서울특별시 노원구 공릉로 265,(공릉동/ 한천중학교),02-948-5554,http://hancheon.sen.ms.kr,남여공학,02-973-1310, ,N,일반계, ,전기,주간,19911030,19920429,20230615
B10,서울특별시교육청,7041262,항동중학교,Hang-dong,중학교,서울특별시,서울특별시남부교육지원청,공립,08362 ,서울특별시 구로구 연동로 239-2,(항동/ 항동중학교),02-2223-0223,http://hangdong.sen.ms.kr,남여공학,02-2223-0288, ,N, , ,전기,주간,20200301,20200301,20230623
B10,서울특별시교육청,7130256,해누리중학교,Haenuri Middle School,중학교,서울특별시,서울특별시강동송파교육지원청,공립,05698 ,서울특별시 송파구 송파대로37길 95,/ 해누리중학교 (가락동),02-403-1994,http://haenuri.ms.kr,남여공학,02-403-1996, ,N, , ,전기,주간,20190301,20190301,20230615
B10,서울특별시교육청,7134142,행당중학교,Haengdang Middle School,중학교,서울특별시,서울특별시성동광진교육지원청,공립,04764 ,서울특별시 성동구 왕십리로 189,(행당동/행당중학교),02-2292-2721,http://www.haengdang.ms.kr,남여공학,02-2293-0473, ,N,일반계, ,전기,주간,19680806,19681002,20230615
B10,서울특별시교육청,7021148,혜원여자중학교,Hyewon Girls’ Middle School,중학교,서울특별시,서울특별시동부교육지원청,사립,02174 ,서울특별시 중랑구 봉우재로58길 39,(망우동/혜원여자중고등학교),02-434-5947,http://hyewon.ms.kr,여,02-492-5703, ,N,일반계, ,전기,주간,19700115,19700305,20230615
B10,서울특별시교육청,7031222,홍은중학교,Hong-eun Middle School,중학교,서울특별시,서울특별시서부교육지원청,공립,03648 ,서울특별시 서대문구 연희로41길 94,(홍은동),02-3216-0512,http://www.hongeun.ms.kr,남여공학,02-3217-0573, ,N,일반계, ,전기,주간,19840109,19840518,20230615
B10,서울특별시교육청,7031223,홍익대학교사범대학부속여자중학교,Hongik University Girls’ Middle School,중학교,서울특별시,서울특별시서부교육지원청,사립,03967 ,서울특별시 마포구 성미산로 51,(성산동),02-331-7410,http://hongikg.sen.ms.kr,여,02-331-7493, ,N,일반계, ,전기,주간,19671118,19680312,20230615
B10,서울특별시교육청,7121368,홍익대학교사범대학부속중학교,HONGIK University Middle School,중학교,서울특별시,서울특별시성북강북교육지원청,사립,02835 ,서울특별시 성북구 성북로14가길 23,/ 홍익대학교사범대학부속중학교 (성북동/홍익대학교부속중고등학교),02-762-0824,http://hongik.sen.ms.kr,남,02-765-4520, ,N,일반계, ,전기,주간,19540412,19540412,20230615
B10,서울특별시교육청,7121356,화계중학교,Hwagye Middle School,중학교,서울특별시,서울특별시성북강북교육지원청,공립,01095 ,서울특별시 강북구 화계사길 63,(수유동),02-986-3073,http://www.hwagye.ms.kr,남여공학,02-984-2786, ,N,일반계, ,전기,주간,19701010,19701004,20230615
B10,서울특별시교육청,7081524,화곡중학교,Hwagok Middle School,중학교,서울특별시,서울특별시강서양천교육지원청,사립,07638 ,서울특별시 강서구 강서로45길 70,(내발산동/화곡중학교),070-8644-6400,http://www.hwagok.ms.kr,남,02-2662-2943, ,N,일반계, ,전기,주간,19740105,19740105,20230615
B10,서울특별시교육청,7081514,화원중학교,Hwawon Middle School,중학교,서울특별시,서울특별시강서양천교육지원청,공립,07764 ,서울특별시 강서구 강서로17나길 86,(화곡동/화원중학교),02-811-2000,http://www.shwawon.ms.kr,남여공학,02-811-2050, ,N,일반계, ,전기,주간,19950111,19960506,20230615
B10,서울특별시교육청,7061120,환일중학교,Hwanil Middle School,중학교,서울특별시,서울특별시중부교육지원청,사립,04500 ,서울특별시 중구 환일길 47,(만리동2가),02-390-7211,http://www.hwanil.ms.kr,남,02-363-5200, ,N,일반계, ,전기,주간,19470624,19470624,20230615
B10,서울특별시교육청,7051213,효문중학교,Hyomun Middle School,중학교,서울특별시,서울특별시북부교육지원청,공립,01372 ,서울특별시 도봉구 우이천로 432,(쌍문동/ 효문중 고등학교),02-999-1785,http://hyomun.ms.kr,남여공학,02-999-1341, ,N,해당없음, ,전기,주간,20060301,20060301,20230615
B10,서울특별시교육청,7021149,휘경여자중학교,Hwikyung Girls’ Middle School,중학교,서울특별시,서울특별시동부교육지원청,사립,02503 ,서울특별시 동대문구 한천로 247,/ 휘경여자중학교 (휘경동),02-2244-8927,http://www.hwikyung.ms.kr,여,02-2214-9659, ,N,일반계, ,전기,주간,19700131,19700519,20240505
B10,서울특별시교육청,7021150,휘경중학교,Hwigyong Middle School,중학교,서울특별시,서울특별시동부교육지원청,공립,02498 ,서울특별시 동대문구 망우로18나길 20,(휘경동/휘경중학교),02-2244-1359,http://www.hwigyong.ms.kr,남여공학,02-2215-6027, ,N,일반계, ,전기,주간,19691111,19691111,20230615
B10,서울특별시교육청,7091457,휘문중학교,Whimoon Middle School,중학교,서울특별시,서울특별시강남서초교육지원청,사립,06183 ,서울특별시 강남구 역삼로 541,(대치동),02-500-9700,http://whimoon.sen.ms.kr,남,02-500-9799, ,N,일반계, ,전기,주간,19060501,19060501,20230615
