거래금액,거래유형,건축년도,년,단지,매도자,매수자,법정동,시군구,월세금액,월,일,전용면적,중개사소재지,지번,지역코드,층
"33,000",중개거래,2003,2023,광화문 플래티넘, , , 적선동,종로구,존재하지 않음,4,26,45.36,서울 종로구,156,11110,11
"38,400",중개거래,2008,2023,광화문 스페이스본, , , 사직동,종로구,존재하지 않음,4,11,39.54,서울 종로구,9,11110,7
"36,000",중개거래,2008,2023,광화문 스페이스본, , , 사직동,종로구,존재하지 않음,4,19,39.54,서울 종로구,9,11110,9
"37,500",중개거래,2008,2023,광화문 스페이스본, , , 사직동,종로구,존재하지 않음,4,27,39.54,서울 종로구,9,11110,2
"24,600",중개거래,2004,2023,용비어천가, , , 내수동,종로구,존재하지 않음,4,4,30.36,서울 종로구,75,11110,8
"35,500",중개거래,2004,2023,광화문시대, , , 내수동,종로구,존재하지 않음,4,5,38.88,서울 종로구,74,11110,10
"31,000",중개거래,2004,2023,용비어천가, , , 내수동,종로구,존재하지 않음,4,5,45.98,서울 종로구,75,11110,10
"30,000",중개거래,2004,2023,경희궁의 아침 3단지, , , 내수동,종로구,존재하지 않음,4,11,37.5,서울 종로구,72,11110,8
"61,200",중개거래,2004,2023,경희궁의 아침 2단지, , , 내수동,종로구,존재하지 않음,4,11,57.8,서울 종로구,71,11110,5
"26,400",중개거래,2004,2023,용비어천가, , , 내수동,종로구,존재하지 않음,4,25,41.38,서울 종로구,75,11110,6
"115,000",직거래,2020,2023,디팰리스, , , 신문로2가,종로구,존재하지 않음,4,28,51.336, ,171,11110,7
"26,500",중개거래,2007,2023,르메이에르종로타운1, , , 종로1가,종로구,존재하지 않음,4,19,36.23,서울 종로구,24,11110,20
"24,000",중개거래,1998,2023,오피스텔월드, , , 운니동,종로구,존재하지 않음,4,24,36.72,서울 종로구,65-1,11110,7
"27,000",중개거래,2005,2023,운현궁 에스케이 허브, , , 경운동,종로구,존재하지 않음,4,4,34.15,서울 종로구,89-4,11110,12
"28,300",중개거래,2005,2023,운현궁 에스케이 허브, , , 경운동,종로구,존재하지 않음,4,20,38.59,서울 종로구,89-4,11110,5
"35,000",중개거래,2005,2023,운현궁 에스케이 허브, , , 경운동,종로구,존재하지 않음,4,21,39.65,서울 종로구,89-4,11110,13
"25,000",중개거래,2022,2023,더넥스트 종로, , , 연지동,종로구,존재하지 않음,4,15,18.66,서울 종로구,56,11110,4
"27,456",직거래,2022,2023,동대문 아이리스, , , 숭인동,종로구,존재하지 않음,4,1,25.34, ,317-58,11110,5
"12,000",중개거래,존재하지 않음,2023,INSPIRE [케이디종합건설 (주)], , , 숭인동,종로구,존재하지 않음,4,20,14.5,서울 중구,298-9,11110,5
"33,000",중개거래,2017,2023,경희궁자이, , , 교북동,종로구,존재하지 않음,4,5,25.6553,서울 종로구,126,11110,4
"22,200",중개거래,2007,2023,명동 엠퍼스트플레이스, , , 충무로2가,중구,존재하지 않음,4,13,20.28,서울 용산구,48-2,11140,3
"27,500",직거래,2007,2023,명동 엠퍼스트플레이스, , , 충무로2가,중구,존재하지 않음,4,14,17.59, ,48-2,11140,9
"27,447",직거래,2007,2023,명동 엠퍼스트플레이스, , , 충무로2가,중구,존재하지 않음,4,14,18.6, ,48-2,11140,3
"27,800",직거래,2007,2023,명동 엠퍼스트플레이스, , , 충무로2가,중구,존재하지 않음,4,14,18.6, ,48-2,11140,5
"33,500",중개거래,2016,2023,충무로엘크루메트로시티2, , , 충무로5가,중구,존재하지 않음,4,22,37.07,서울 중구,36-2,11140,14
"32,700",중개거래,2022,2023,동대문D플레이스, , , 광희동1가,중구,존재하지 않음,4,11,25.49,"서울 광진구, 서울 중구",145-2,11140,13
"24,500",중개거래,2005,2023,남산정은스카이아파트, , , 신당동,중구,존재하지 않음,4,14,38.26,서울 중구,366-126,11140,2
"15,000",중개거래,2021,2023,한양립스 이노와이즈, , , 황학동,중구,존재하지 않음,4,4,18.555,서울 중구,1257,11140,2
"33,000",중개거래,2015,2023,하늘드리움, , , 황학동,중구,존재하지 않음,4,18,51.99,서울 중구,656,11140,6
"35,800",직거래,2022,2023,메르센트, , , 황학동,중구,존재하지 않음,4,19,29.97, ,959,11140,2
"13,500",중개거래,2013,2023,한양 I-Class, , , 황학동,중구,존재하지 않음,4,22,19.05,서울 중구,787,11140,8
"13,550",중개거래,2013,2023,한양 I-Class, , , 황학동,중구,존재하지 않음,4,22,19.05,서울 중구,787,11140,7
"14,100",중개거래,2013,2023,한양 I-Class, , , 황학동,중구,존재하지 않음,4,22,19.05,서울 중구,787,11140,3
"15,100",중개거래,2014,2023,황학동 복합시설(DUO302), , , 황학동,중구,존재하지 않음,4,22,23.06,서울 성동구,819,11140,2
"12,500",중개거래,2013,2023,한양 I-Class, , , 황학동,중구,존재하지 않음,4,27,19.05,서울 중구,787,11140,11
"40,500",중개거래,2005,2023,용산파크자이, , , 한강로1가,용산구,존재하지 않음,4,19,33.6,서울 용산구,50-1,11170,32
"42,000",중개거래,2004,2023,한강대우트럼프월드3, , , 한강로3가,용산구,존재하지 않음,4,8,30.91,서울 용산구,65-230,11170,30
"21,000",중개거래,1990,2023,(16-91), , , 한강로3가,용산구,존재하지 않음,4,12,26.21,서울 용산구,16-91,11170,9
"19,500",중개거래,1991,2023,삼구빌딩, , , 한강로3가,용산구,존재하지 않음,4,14,39.84,서울 용산구,16-49,11170,15
"20,500",중개거래,2005,2023,동인 레반트 오피스텔, , , 하왕십리동,성동구,존재하지 않음,4,20,33.34,서울 성동구,903-3,11200,14
"31,950",중개거래,2016,2023,센트라스, , , 하왕십리동,성동구,존재하지 않음,4,22,31.01,서울 성동구,1070,11200,23
"17,250",중개거래,2005,2023,동인 레반트 오피스텔, , , 하왕십리동,성동구,존재하지 않음,4,26,27.54,"서울 성동구, 서울 중구",903-3,11200,3
"24,950",중개거래,2020,2023,왕십리렉스프리미엄오피스텔, , , 도선동,성동구,존재하지 않음,4,20,18.63,"서울 성동구, 서울 중구",257,11200,10
"19,800",중개거래,2018,2023,W에비뉴타워, , , 도선동,성동구,존재하지 않음,4,29,23.32,서울 성동구,46,11200,13
"16,000",중개거래,2004,2023,성동샤르망, , , 행당동,성동구,존재하지 않음,4,4,24.84,서울 성동구,192-29,11200,9
"17,500",중개거래,2004,2023,한남 더 리버 오피스텔, , , 옥수동,성동구,존재하지 않음,4,7,25.6,서울 성동구,475,11200,13
"14,000",중개거래,2013,2023,성수동램킨중흥S클래스오피스텔, , , 성수동2가,성동구,존재하지 않음,4,6,18.33,서울 성동구,277-101,11200,3
"14,077",중개거래,2016,2023,서희스타힐스리버파크, , , 용답동,성동구,존재하지 않음,4,10,21.95,서울 영등포구,238-12,11200,15
"19,000",중개거래,2011,2023,오르세오피스텔, , , 용답동,성동구,존재하지 않음,4,21,48.5,서울 마포구,238-2,11200,8
"14,900",중개거래,2015,2023,아지(AZ)0213, , , 중곡동,광진구,존재하지 않음,4,9,20.44,"서울 광진구, 서울 노원구",648-14,11215,11
"17,900",중개거래,2003,2023,센트럴빌, , , 구의동,광진구,존재하지 않음,4,3,32.19,서울 광진구,253-19,11215,6
"17,000",중개거래,2006,2023,크레신타워3차, , , 구의동,광진구,존재하지 않음,4,5,25.35,서울 광진구,246-14,11215,14
"22,500",중개거래,2002,2023,다성리버텔, , , 구의동,광진구,존재하지 않음,4,19,33.97,서울 광진구,218-12,11215,10
"20,000",중개거래,2002,2023,다성리버텔, , , 구의동,광진구,존재하지 않음,4,24,33.97,서울 광진구,218-12,11215,4
"28,000",중개거래,1992,2023,크레스코빌딩, , , 광장동,광진구,존재하지 않음,4,18,75.85,서울 광진구,114,11215,3
"21,400",중개거래,2014,2023,타워더모스트광진아크로텔, , , 자양동,광진구,존재하지 않음,4,3,23.97,서울 광진구,779,11215,13
"23,000",중개거래,2014,2023,타워더모스트광진아크로텔, , , 자양동,광진구,존재하지 않음,4,8,23.97,서울 광진구,779,11215,20
"36,000",중개거래,2014,2023,타워더모스트광진아크로텔, , , 자양동,광진구,존재하지 않음,4,22,32.18,서울 광진구,779,11215,20
"18,000",중개거래,존재하지 않음,2023,정익제이타워, , , 화양동,광진구,존재하지 않음,4,3,17.09,서울 광진구,111-22,11215,6
"12,800",중개거래,2013,2023,케이타워 오피스텔 A, , , 화양동,광진구,존재하지 않음,4,10,19.93,서울 광진구,21-23,11215,12
"19,500",중개거래,2005,2023,KCC파크타운, , , 화양동,광진구,존재하지 않음,4,17,25.79,서울 광진구,527,11215,7
"13,650",중개거래,2013,2023,케이타워 오피스텔 A, , , 화양동,광진구,존재하지 않음,4,18,19.93,서울 광진구,21-23,11215,13
"21,400",중개거래,2019,2023,(473-1), , , 군자동,광진구,존재하지 않음,4,7,18.13,서울 광진구,473-1,11215,12
"15,000",중개거래,2004,2023,동광동대문베르빌, , , 신설동,동대문구,존재하지 않음,4,24,28.31,서울 동대문구,97-8,11230,9
"11,800",중개거래,2004,2023,신설동역대우아이빌, , , 용두동,동대문구,존재하지 않음,4,11,27.631,서울 동대문구,236-4,11230,2
"16,800",중개거래,2005,2023,동의보감타워, , , 용두동,동대문구,존재하지 않음,4,14,36.015,서울 동대문구,787,11230,14
"13,400",중개거래,2004,2023,신설동역대우아이빌, , , 용두동,동대문구,존재하지 않음,4,15,27.631,서울 동대문구,236-4,11230,15
"14,000",중개거래,2004,2023,신설동역대우아이빌, , , 용두동,동대문구,존재하지 않음,4,17,30.291,서울 동대문구,236-4,11230,4
"15,500",중개거래,2005,2023,동의보감타워, , , 용두동,동대문구,존재하지 않음,4,24,32.825,서울 동대문구,787,11230,13
"10,000",중개거래,2014,2023,동대문한양아이클래스, , , 용두동,동대문구,존재하지 않음,4,26,18.48,서울 동대문구,112-8,11230,14
"11,500",중개거래,2018,2023,다스하우스, , , 전농동,동대문구,존재하지 않음,4,15,14.7,서울 동대문구,100-1,11230,11
"28,255",직거래,2022,2023,청량리 창보리버리치Ⅲ, , , 전농동,동대문구,존재하지 않음,4,25,18.6202, ,620-20,11230,11
"9,600",중개거래,2005,2023,메트로팰리스, , , 답십리동,동대문구,존재하지 않음,4,1,20.22,서울 동대문구,498-5,11230,4
"11,800",중개거래,2005,2023,메트로팰리스, , , 답십리동,동대문구,존재하지 않음,4,3,26.5,서울 동대문구,498-5,11230,5
"21,500",중개거래,2019,2023,보광타워, , , 답십리동,동대문구,존재하지 않음,4,6,28.14,서울 동대문구,530-4,11230,6
"12,500",중개거래,2016,2023,한일노벨리아, , , 답십리동,동대문구,존재하지 않음,4,14,19.05,서울 동대문구,494-1,11230,7
"13,500",중개거래,2015,2023,청계 푸르지오시티, , , 답십리동,동대문구,존재하지 않음,4,21,20.62,서울 동대문구,497-23,11230,17
"13,400",중개거래,2015,2023,청계 푸르지오시티, , , 답십리동,동대문구,존재하지 않음,4,21,20.62,서울 동대문구,497-23,11230,17
"25,500",중개거래,2019,2023,한성아펠시티, , , 답십리동,동대문구,존재하지 않음,4,27,29.93,서울 동대문구,530-17,11230,9
"8,200",중개거래,2003,2023,신부파스칼텔, , , 장안동,동대문구,존재하지 않음,4,6,22.7,서울 동대문구,431-5,11230,5
"8,300",직거래,1997,2023,황금오피스텔, , , 장안동,동대문구,존재하지 않음,4,11,31.35, ,373-6,11230,4
"16,000",중개거래,2002,2023,장안삼성쉐르빌, , , 장안동,동대문구,존재하지 않음,4,15,43.1,서울 동대문구,371-1,11230,4
"12,000",중개거래,2004,2023,장안현대벤처빌, , , 장안동,동대문구,존재하지 않음,4,19,28.49,서울 동대문구,374-1,11230,14
"12,000",중개거래,2009,2023,우민에뜨와르오피스텔, , , 장안동,동대문구,존재하지 않음,4,29,34.95,서울 동대문구,381-1,11230,11
"12,000",중개거래,2014,2023,빌리원, , , 휘경동,동대문구,존재하지 않음,4,4,15.9,서울 동대문구,183-245,11230,6
"22,103",직거래,2021,2023,리센스, , , 휘경동,동대문구,존재하지 않음,4,4,16.205, ,317-11,11230,5
"23,919",직거래,2021,2023,리센스, , , 휘경동,동대문구,존재하지 않음,4,10,16.19, ,317-11,11230,7
"6,644",중개거래,2002,2023,휘경동 코업레지던스, , , 휘경동,동대문구,존재하지 않음,4,13,13.86,서울 동대문구,319-5,11230,3
"14,850",중개거래,2019,2023,스페이스 에이치, , , 휘경동,동대문구,존재하지 않음,4,15,14.761,서울 동대문구,183-353,11230,2
"14,850",중개거래,2019,2023,스페이스 에이치, , , 휘경동,동대문구,존재하지 않음,4,15,14.761,서울 동대문구,183-353,11230,2
"7,000",중개거래,2002,2023,휘경동 코업레지던스, , , 휘경동,동대문구,존재하지 않음,4,19,13.86,서울 동대문구,319-5,11230,5
"8,900",중개거래,2013,2023,중랑 지웰 에스테이트, , , 면목동,중랑구,존재하지 않음,4,3,17.66,서울 중랑구,538,11260,2
"42,000",직거래,2016,2023,(1203), , , 면목동,중랑구,존재하지 않음,4,3,61.66, ,1203,11260,3
"8,300",중개거래,2013,2023,중랑 지웰 에스테이트, , , 면목동,중랑구,존재하지 않음,4,15,17.01,서울 중랑구,538,11260,3
"25,790",직거래,2022,2023,브르넨상봉, , , 상봉동,중랑구,존재하지 않음,4,6,20.24, ,89-27,11260,14
"11,000",중개거래,2016,2023,효성 써너스빌 에코, , , 망우동,중랑구,존재하지 않음,4,3,18.5,서울 중랑구,508-2,11260,12
"10,800",중개거래,2016,2023,효성 써너스빌 에코, , , 망우동,중랑구,존재하지 않음,4,24,18.5,서울 중랑구,508-2,11260,11
"16,000",중개거래,2003,2023,디아뜨갤러리, , , 신내동,중랑구,존재하지 않음,4,20,35.1,서울 중랑구,648,11260,3
"18,500",중개거래,2003,2023,돈암동 메트로빌, , , 동소문동6가,성북구,존재하지 않음,4,10,30.3,서울 성북구,121,11290,8
"12,200",중개거래,2011,2023,벨라미아 오피스텔, , , 동선동4가,성북구,존재하지 않음,4,4,22.69,서울 성북구,295-4,11290,3
"8,000",직거래,2003,2023,씨엠오스빌, , , 장위동,성북구,존재하지 않음,4,11,28.7, ,50-35,11290,3
"15,500",중개거래,2005,2023,효성네오인텔리안, , , 번동,강북구,존재하지 않음,4,3,32.97,서울 강북구,418-3,11305,6
"16,900",중개거래,2010,2023,삼보힐, , , 번동,강북구,존재하지 않음,4,8,37.8,서울 강북구,449-22,11305,12
"10,000",직거래,2004,2023,북한산현대렉시온오피스텔, , , 방학동,도봉구,존재하지 않음,4,19,26.4, ,719-2,11320,10
"32,000",중개거래,2005,2023,북한산현대홈시티, , , 창동,도봉구,존재하지 않음,4,17,61.57,서울 도봉구,647-1,11320,3
"34,200",중개거래,2005,2023,북한산현대홈시티, , , 창동,도봉구,존재하지 않음,4,18,64.09,서울 도봉구,647-11,11320,10
"15,800",중개거래,2003,2023,창동신원리베르텔, , , 창동,도봉구,존재하지 않음,4,18,33.27,서울 도봉구,338,11320,13
"33,000",중개거래,2005,2023,북한산현대홈시티, , , 창동,도봉구,존재하지 않음,4,21,61.57,서울 도봉구,647-1,11320,6
"13,000",중개거래,2004,2023,EQ빌딩, , , 창동,도봉구,존재하지 않음,4,22,25.83,서울 도봉구,13-2,11320,15
"14,000",직거래,2003,2023,창동신원리베르텔, , , 창동,도봉구,존재하지 않음,4,26,30.8, ,338,11320,7
"19,450",중개거래,존재하지 않음,2023,도봉 투웨니퍼스트 2단지, , , 도봉동,도봉구,존재하지 않음,4,4,29.66,서울 도봉구,62-43,11320,11
"20,000",중개거래,존재하지 않음,2023,도봉 투웨니퍼스트 2단지, , , 도봉동,도봉구,존재하지 않음,4,11,29.66,서울 도봉구,62-43,11320,8
"10,700",중개거래,2012,2023,건양오피스텔, , , 공릉동,노원구,존재하지 않음,4,17,17.98,서울 노원구,383-12,11350,6
"10,000",직거래,2012,2023,건양오피스텔, , , 공릉동,노원구,존재하지 않음,4,24,17.98, ,383-12,11350,2
"15,000",중개거래,2005,2023,토마토파르코, , , 상계동,노원구,존재하지 않음,4,22,36.767,서울 노원구,1267,11350,4
"11,800",중개거래,2003,2023,우암에이스타워, , , 중계동,노원구,존재하지 않음,4,10,33.06,서울 노원구,143,11350,7
"12,500",중개거래,2003,2023,우암에이스타워, , , 중계동,노원구,존재하지 않음,4,21,35.02,서울 노원구,143,11350,6
"21,500",중개거래,2005,2023,(506), , , 중계동,노원구,존재하지 않음,4,27,41.68,서울 노원구,506,11350,11
"28,500",직거래,2021,2023,효민아크로뷰, , , 불광동,은평구,존재하지 않음,4,3,29.52, ,484-73,11380,8
"38,900",중개거래,2014,2023,미래하임, , , 대조동,은평구,존재하지 않음,4,3,65.97,서울 은평구,172-132,11380,5
"16,200",중개거래,2018,2023,위산 엘리시움, , , 대조동,은평구,존재하지 않음,4,6,19.72,서울 영등포구,179-30,11380,5
"21,000",직거래,2022,2023,동건타워, , , 응암동,은평구,존재하지 않음,4,17,17.94, ,599-1,11380,11
"34,500",중개거래,2018,2023,디우아르떼빌, , , 응암동,은평구,존재하지 않음,4,20,56.81,서울 은평구,353-10,11380,7
"18,000",중개거래,2002,2023,(42-31), , , 역촌동,은평구,존재하지 않음,4,12,56.22,서울 은평구,42-31,11380,5
"28,000",중개거래,2013,2023,캐시아, , , 역촌동,은평구,존재하지 않음,4,15,68.84,서울 은평구,41-17,11380,2
"29,000",중개거래,2016,2023,샹그리라, , , 신사동,은평구,존재하지 않음,4,1,56.15,서울 은평구,29-176,11380,2
"36,000",직거래,2022,2023,명진주택하이빌, , , 신사동,은평구,존재하지 않음,4,10,42.77, ,35-18,11380,5
"26,000",직거래,2022,2023,아줄리움, , , 신사동,은평구,존재하지 않음,4,12,28.81, ,30-51,11380,5
"11,600",직거래,2018,2023,은평뉴타운 꿈에그린, , , 진관동,은평구,존재하지 않음,4,3,19.84, ,66,11380,6
"14,500",중개거래,2013,2023,아이파크 포레스트 게이트, , , 진관동,은평구,존재하지 않음,4,22,24.91,서울 은평구,100-3,11380,20
"12,200",중개거래,2017,2023,웅신 미켈란의 아침, , , 진관동,은평구,존재하지 않음,4,25,19.06,서울 은평구,73,11380,16
"18,000",중개거래,2004,2023,충정리시온, , , 충정로3가,서대문구,존재하지 않음,4,27,29.23,서울 서대문구,465,11410,3
"49,500",중개거래,2006,2023,충정로대우디오빌, , , 합동,서대문구,존재하지 않음,4,14,61.22,서울 서대문구,117,11410,13
"20,250",중개거래,2006,2023,충정로대우디오빌, , , 합동,서대문구,존재하지 않음,4,22,30.86,서울 서대문구,117,11410,14
"18,000",중개거래,2005,2023,신촌가이아, , , 대현동,서대문구,존재하지 않음,4,7,26.64,서울 서대문구,27-20,11410,11
"16,000",중개거래,2017,2023,영타운 지웰 에스테이트, , , 대현동,서대문구,존재하지 않음,4,7,19.39,서울 마포구,37-32,11410,9
"21,000",중개거래,2021,2023,신촌리브하임, , , 대현동,서대문구,존재하지 않음,4,20,14.74,서울 서대문구,101-2,11410,16
"25,619",중개거래,2021,2023,이대역 STARGATE, , , 대현동,서대문구,존재하지 않음,4,23,19.12,서울 서대문구,40-38,11410,15
"22,000",중개거래,2018,2023,MJ더퍼스트이대, , , 대현동,서대문구,존재하지 않음,4,29,26.6,서울 서대문구,90-66,11410,10
"15,000",중개거래,2000,2023,신촌르메이에르타운3, , , 창천동,서대문구,존재하지 않음,4,10,29.65,"서울 마포구, 서울 서대문구",20-26,11410,14
"19,900",중개거래,2005,2023,신촌 르메이에르타운5, , , 창천동,서대문구,존재하지 않음,4,12,31.41,"경기 파주시, 서울 서대문구",29-81,11410,9
"20,000",중개거래,2005,2023,신촌 르메이에르타운5, , , 창천동,서대문구,존재하지 않음,4,12,31.41,"경기 파주시, 서울 서대문구",29-81,11410,9
"20,000",중개거래,2021,2023,스테이 더 디자이너스, , , 창천동,서대문구,존재하지 않음,4,15,18.8136,서울 서대문구,29-5,11410,8
"22,500",중개거래,2021,2023,더이음, , , 창천동,서대문구,존재하지 않음,4,17,17.75,서울 마포구,72-22,11410,10
"9,400",중개거래,2004,2023,선정오피스텔, , , 북가좌동,서대문구,존재하지 않음,4,6,21.75,서울 서대문구,343-1,11410,10
"23,000",직거래,2005,2023,효성인텔리안, , , 아현동,마포구,존재하지 않음,4,24,35.91, ,733,11440,7
"24,800",중개거래,2004,2023,마포 신영 지웰, , , 공덕동,마포구,존재하지 않음,4,1,27.37,서울 마포구,461,11440,6
"21,500",중개거래,2004,2023,마포 신영 지웰, , , 공덕동,마포구,존재하지 않음,4,7,25.65,서울 마포구,461,11440,5
"22,800",중개거래,2005,2023,마포현대하이엘, , , 공덕동,마포구,존재하지 않음,4,14,31.375,서울 마포구,463,11440,10
"12,000",중개거래,존재하지 않음,2023,에스테반 오피스텔, , , 공덕동,마포구,존재하지 않음,4,18,18.94,서울 마포구,16-10,11440,4
"14,500",중개거래,2013,2023,공덕오피스타, , , 공덕동,마포구,존재하지 않음,4,18,16.13,서울 마포구,12-98,11440,11
"27,500",중개거래,2013,2023,공덕푸르지오시티, , , 공덕동,마포구,존재하지 않음,4,28,31.277,서울 마포구,475,11440,11
"16,100",중개거래,1990,2023,풍림브이아이피텔, , , 공덕동,마포구,존재하지 않음,4,28,30.89,서울 마포구,404,11440,4
"12,700",중개거래,존재하지 않음,2023,갑을명가시티2, , , 신공덕동,마포구,존재하지 않음,4,3,16.76,서울 마포구,1-48,11440,4
"78,000",중개거래,2006,2023,마포트라팰리스, , , 도화동,마포구,존재하지 않음,4,11,80.3,서울 마포구,559,11440,4
"22,500",직거래,2015,2023,나눔빌딩, , , 도화동,마포구,존재하지 않음,4,26,25.56, ,571,11440,9
"12,800",중개거래,2000,2023,마스터즈타워, , , 도화동,마포구,존재하지 않음,4,27,23.78,서울 마포구,553,11440,17
"25,800",중개거래,2013,2023,이대역 푸르지오 시티, , , 대흥동,마포구,존재하지 않음,4,1,28.8,서울 마포구,12-27,11440,18
"25,300",중개거래,2013,2023,이대역 푸르지오 시티, , , 대흥동,마포구,존재하지 않음,4,16,29.14,서울 마포구,12-27,11440,6
"24,500",중개거래,2013,2023,이대역 푸르지오 시티, , , 대흥동,마포구,존재하지 않음,4,24,29.14,서울 마포구,12-27,11440,4
"25,000",중개거래,2013,2023,이대역 푸르지오 시티, , , 대흥동,마포구,존재하지 않음,4,30,28.8,서울 마포구,12-27,11440,5
"27,000",중개거래,2003,2023,삼부골든타워, , , 염리동,마포구,존재하지 않음,4,5,40.495,서울 마포구,164-4,11440,5
"30,000",중개거래,2003,2023,삼부골든타워, , , 염리동,마포구,존재하지 않음,4,27,32.495,서울 마포구,164-4,11440,10
"23,000",직거래,1999,2023,서교타워, , , 서교동,마포구,존재하지 않음,4,7,46.94, ,353-1,11440,11
"24,000",직거래,2003,2023,파라다이스텔, , , 동교동,마포구,존재하지 않음,4,25,34.86, ,159-6,11440,12
"13,800",중개거래,2016,2023,상암 스위트포레, , , 성산동,마포구,존재하지 않음,4,1,18.55,"서울 마포구, 서울 서대문구",591-5,11440,14
"14,000",중개거래,2018,2023,상암미르웰한올림, , , 성산동,마포구,존재하지 않음,4,1,16.36,서울 마포구,593-5,11440,3
"15,500",중개거래,2013,2023,상암 두산위브센티움, , , 성산동,마포구,존재하지 않음,4,1,23.24,서울 마포구,590-1,11440,11
"15,500",중개거래,2014,2023,KCC상암스튜디오380, , , 성산동,마포구,존재하지 않음,4,3,20.35,서울 마포구,590-4,11440,12
"16,000",중개거래,2018,2023,상암미르웰한올림, , , 성산동,마포구,존재하지 않음,4,7,16.36,서울 마포구,593-5,11440,10
"13,800",중개거래,2016,2023,상암 스위트포레, , , 성산동,마포구,존재하지 않음,4,8,18.55,서울 마포구,591-5,11440,10
"14,500",중개거래,2018,2023,상암미르웰한올림, , , 성산동,마포구,존재하지 않음,4,15,16.36,서울 서대문구,593-5,11440,12
"25,000",중개거래,2017,2023,상암 우남퍼스트빌스타, , , 성산동,마포구,존재하지 않음,4,18,23.0941,서울 마포구,592-5,11440,8
"22,500",중개거래,2014,2023,상암월드시티, , , 성산동,마포구,존재하지 않음,4,22,29.68,서울 마포구,590-5,11440,14
"15,800",중개거래,2017,2023,벽산상암스마트큐브, , , 성산동,마포구,존재하지 않음,4,22,19.2,서울 마포구,593-1,11440,10
"14,500",중개거래,2014,2023,KCC상암스튜디오380, , , 성산동,마포구,존재하지 않음,4,26,20.35,서울 마포구,590-4,11440,5
"12,000",중개거래,2013,2023,상암 한화 오벨리스크, , , 상암동,마포구,존재하지 않음,4,4,19.93,서울 마포구,1734,11440,9
"15,500",중개거래,2014,2023,상암 오벨리스크 2차, , , 상암동,마포구,존재하지 않음,4,5,24.2,서울 마포구,1748,11440,6
"12,000",중개거래,2013,2023,상암 한화 오벨리스크, , , 상암동,마포구,존재하지 않음,4,8,19.93,서울 마포구,1734,11440,5
"15,200",중개거래,2014,2023,상암 오벨리스크 2차, , , 상암동,마포구,존재하지 않음,4,9,25.48,서울 마포구,1748,11440,5
"70,000",중개거래,2004,2023,목동대림아크로텔, , , 신정동,양천구,존재하지 않음,4,15,74.5,서울 양천구,318-1,11470,3
"20,904",직거래,2023,2023,제이클래스목동주상복합, , , 신정동,양천구,존재하지 않음,4,21,19.01, ,922-1,11470,5
"20,904",직거래,2023,2023,제이클래스목동주상복합, , , 신정동,양천구,존재하지 않음,4,21,19.31, ,922-1,11470,5
"20,904",직거래,2023,2023,제이클래스목동주상복합, , , 신정동,양천구,존재하지 않음,4,21,19.31, ,922-1,11470,5
"20,904",직거래,2023,2023,제이클래스목동주상복합, , , 신정동,양천구,존재하지 않음,4,21,19.31, ,922-1,11470,5
"20,384",직거래,2023,2023,제이클래스목동주상복합, , , 신정동,양천구,존재하지 않음,4,21,19.31, ,922-1,11470,4
"20,384",직거래,2023,2023,제이클래스목동주상복합, , , 신정동,양천구,존재하지 않음,4,21,19.31, ,922-1,11470,4
"20,384",직거래,2023,2023,제이클래스목동주상복합, , , 신정동,양천구,존재하지 않음,4,21,19.31, ,922-1,11470,4
"20,904",직거래,2023,2023,제이클래스목동주상복합, , , 신정동,양천구,존재하지 않음,4,21,19.01, ,922-1,11470,5
"20,904",직거래,2023,2023,제이클래스목동주상복합, , , 신정동,양천구,존재하지 않음,4,21,19.01, ,922-1,11470,5
"20,904",직거래,2023,2023,제이클래스목동주상복합, , , 신정동,양천구,존재하지 않음,4,21,19.01, ,922-1,11470,5
"20,904",직거래,2023,2023,제이클래스목동주상복합, , , 신정동,양천구,존재하지 않음,4,21,19.01, ,922-1,11470,5
"20,904",직거래,2023,2023,제이클래스목동주상복합, , , 신정동,양천구,존재하지 않음,4,21,19.01, ,922-1,11470,5
"20,904",직거래,2023,2023,제이클래스목동주상복합, , , 신정동,양천구,존재하지 않음,4,21,19.01, ,922-1,11470,5
"20,904",직거래,2023,2023,제이클래스목동주상복합, , , 신정동,양천구,존재하지 않음,4,21,19.01, ,922-1,11470,5
"20,904",직거래,2023,2023,제이클래스목동주상복합, , , 신정동,양천구,존재하지 않음,4,21,19.01, ,922-1,11470,4
"20,904",직거래,2023,2023,제이클래스목동주상복합, , , 신정동,양천구,존재하지 않음,4,21,19.01, ,922-1,11470,4
"20,904",직거래,2023,2023,제이클래스목동주상복합, , , 신정동,양천구,존재하지 않음,4,21,19.01, ,922-1,11470,4
"20,904",직거래,2023,2023,제이클래스목동주상복합, , , 신정동,양천구,존재하지 않음,4,21,19.01, ,922-1,11470,4
"20,904",직거래,2023,2023,제이클래스목동주상복합, , , 신정동,양천구,존재하지 않음,4,21,19.01, ,922-1,11470,4
"20,904",직거래,2023,2023,제이클래스목동주상복합, , , 신정동,양천구,존재하지 않음,4,21,19.01, ,922-1,11470,4
"20,904",직거래,2023,2023,제이클래스목동주상복합, , , 신정동,양천구,존재하지 않음,4,21,19.01, ,922-1,11470,4
"20,904",직거래,2023,2023,제이클래스목동주상복합, , , 신정동,양천구,존재하지 않음,4,21,19.01, ,922-1,11470,4
"20,904",직거래,2023,2023,제이클래스목동주상복합, , , 신정동,양천구,존재하지 않음,4,21,19.01, ,922-1,11470,4
"20,904",직거래,2023,2023,제이클래스목동주상복합, , , 신정동,양천구,존재하지 않음,4,21,19.01, ,922-1,11470,5
"54,000",중개거래,2004,2023,목동대림아크로텔, , , 신정동,양천구,존재하지 않음,4,22,56.5,서울 양천구,318-1,11470,12
"35,000",직거래,2020,2023,하나목동파크뷰, , , 신정동,양천구,존재하지 않음,4,28,25.67, ,973-40,11470,8
"19,250",중개거래,2004,2023,현대파리지앙, , , 목동,양천구,존재하지 않음,4,4,33.88,서울 양천구,907-10,11470,15
"19,250",중개거래,2004,2023,현대파리지앙, , , 목동,양천구,존재하지 않음,4,4,33.88,서울 양천구,907-10,11470,15
"167,000",중개거래,2003,2023,현대하이페리온, , , 목동,양천구,존재하지 않음,4,7,114.64,서울 양천구,916,11470,44
"146,000",중개거래,2006,2023,목동 현대 하이페리온2, , , 목동,양천구,존재하지 않음,4,9,94.387,서울 양천구,961,11470,19
"18,000",중개거래,2004,2023,목동 성우네트빌, , , 목동,양천구,존재하지 않음,4,11,43.17,서울 양천구,919,11470,15
"17,700",중개거래,2004,2023,향도 드림네스트, , , 목동,양천구,존재하지 않음,4,13,26,서울 양천구,909-4,11470,8
"121,000",중개거래,2003,2023,현대하이페리온, , , 목동,양천구,존재하지 않음,4,16,83.23,서울 양천구,916,11470,44
"142,000",중개거래,2006,2023,목동 현대 하이페리온2, , , 목동,양천구,존재하지 않음,4,17,94.572,서울 양천구,961,11470,12
"16,000",중개거래,2003,2023,하이베라스, , , 목동,양천구,존재하지 않음,4,24,30.71,서울 양천구,908-29,11470,5
"16,000",중개거래,2003,2023,하이베라스, , , 목동,양천구,존재하지 않음,4,24,30.71,서울 양천구,908-29,11470,5
"148,000",중개거래,2006,2023,목동 현대 하이페리온2, , , 목동,양천구,존재하지 않음,4,30,94.486,서울 양천구,961,11470,34
"9,800",중개거래,2004,2023,신목동샤르망오피스텔, , , 신월동,양천구,존재하지 않음,4,1,26.94,서울 양천구,235-7,11470,9
"29,700",직거래,2019,2023,진영리버타운, , , 염창동,강서구,존재하지 않음,4,4,34.23, ,65,11500,4
"13,200",중개거래,2012,2023,대명투웨니퍼스트, , , 염창동,강서구,존재하지 않음,4,5,15.04,서울 강서구,283-3,11500,5
"23,000",중개거래,2018,2023,서경팰리스, , , 염창동,강서구,존재하지 않음,4,5,28.69,서울 강서구,267-10,11500,6
"37,400",직거래,2022,2023,루미온, , , 염창동,강서구,존재하지 않음,4,10,29.96, ,261-16,11500,8
"11,900",중개거래,2012,2023,팔레시움, , , 염창동,강서구,존재하지 않음,4,13,18.14,서울 강서구,283-2,11500,8
"36,000",중개거래,존재하지 않음,2023,링크253, , , 염창동,강서구,존재하지 않음,4,16,55.74,경기 부천시,253-7,11500,2
"36,700",직거래,2022,2023,루미온, , , 염창동,강서구,존재하지 않음,4,17,29.96, ,261-16,11500,6
"26,700",직거래,2019,2023,진영리버타운, , , 염창동,강서구,존재하지 않음,4,17,33.08, ,65,11500,2
"36,600",직거래,2022,2023,루미온, , , 염창동,강서구,존재하지 않음,4,20,29.96, ,261-16,11500,8
"25,300",중개거래,2018,2023,한빛어반뉴스토리, , , 염창동,강서구,존재하지 않음,4,20,28.69,서울 강서구,266-12,11500,5
"36,300",직거래,2022,2023,루미온, , , 염창동,강서구,존재하지 않음,4,20,29.96, ,261-16,11500,3
"25,400",중개거래,2018,2023,한빛어반뉴스토리, , , 염창동,강서구,존재하지 않음,4,21,28.69,서울 강서구,266-12,11500,10
"36,700",직거래,2022,2023,루미온, , , 염창동,강서구,존재하지 않음,4,22,29.96, ,261-16,11500,5
"37,000",직거래,2022,2023,루미온, , , 염창동,강서구,존재하지 않음,4,27,29.96, ,261-16,11500,8
"16,850",중개거래,2004,2023,등촌동두산위브센티움, , , 등촌동,강서구,존재하지 않음,4,3,28.45,서울 강서구,631,11500,3
"23,700",중개거래,2004,2023,등촌동두산위브센티움, , , 등촌동,강서구,존재하지 않음,4,3,43.11,서울 강서구,631,11500,6
"24,600",중개거래,2004,2023,등촌동두산위브센티움, , , 등촌동,강서구,존재하지 않음,4,3,43.11,서울 강서구,631,11500,9
"18,000",중개거래,2004,2023,비원오피스텔, , , 등촌동,강서구,존재하지 않음,4,12,40.37,서울 강서구,648-6,11500,12
"15,500",중개거래,2004,2023,우림보보카운티뷰, , , 등촌동,강서구,존재하지 않음,4,12,27.36,서울 강서구,649-14,11500,9
"15,700",중개거래,2004,2023,대룡드림타워-1, , , 등촌동,강서구,존재하지 않음,4,15,31.3,서울 강서구,684-3,11500,4
"21,700",중개거래,2016,2023,등촌투웨니퍼스트2차, , , 등촌동,강서구,존재하지 않음,4,15,29.68,"경기 고양덕양구, 서울 강서구",633-17,11500,2
"11,000",중개거래,2013,2023,강서메트로칸, , , 등촌동,강서구,존재하지 않음,4,24,18.28, ,656-52,11500,9
"28,700",중개거래,2020,2023,경동미르웰양천향교2차, , , 등촌동,강서구,존재하지 않음,4,24,29.68,서울 강서구,685,11500,4
"10,500",중개거래,1997,2023,(918-15), , , 화곡동,강서구,존재하지 않음,4,4,33.37,서울 강서구,918-15,11500,6
"10,500",중개거래,1997,2023,(918-15), , , 화곡동,강서구,존재하지 않음,4,6,33.37,서울 강서구,918-15,11500,7
"33,900",직거래,2022,2023,케이씨타운, , , 화곡동,강서구,존재하지 않음,4,11,27.62, ,372-73,11500,3
"33,900",직거래,2022,2023,케이씨타운, , , 화곡동,강서구,존재하지 않음,4,11,29.02, ,372-73,11500,2
"10,150",중개거래,2013,2023,경동엠파이어시티 101동, , , 화곡동,강서구,존재하지 않음,4,11,15.63,서울 강서구,1051-1,11500,8
"33,900",직거래,2022,2023,케이씨타운, , , 화곡동,강서구,존재하지 않음,4,16,27.62, ,372-73,11500,4
"39,900",직거래,2022,2023,케이씨타운, , , 화곡동,강서구,존재하지 않음,4,17,35.27, ,372-73,11500,5
"26,000",직거래,2019,2023,연우넥스트파크뷰, , , 화곡동,강서구,존재하지 않음,4,23,24.07, ,1110,11500,16
"12,200",중개거래,2002,2023,이스타빌1차, , , 가양동,강서구,존재하지 않음,4,7,30.24,서울 강서구,1480-5,11500,11
"15,600",중개거래,2003,2023,이스타빌2차, , , 가양동,강서구,존재하지 않음,4,13,32.8,서울 강서구,1480-1,11500,5
"11,500",중개거래,2002,2023,이스타빌1차, , , 가양동,강서구,존재하지 않음,4,22,30.24,서울 강서구,1480-5,11500,13
"13,100",중개거래,2010,2023,미씨엘로오피스텔, , , 가양동,강서구,존재하지 않음,4,29,26.52,서울 강서구,1480-4,11500,5
"15,600",중개거래,2015,2023,마곡 헤리움1차, , , 마곡동,강서구,존재하지 않음,4,3,24.07,서울 강서구,739-4,11500,14
"13,500",중개거래,2015,2023,마곡대명투웨니퍼스트, , , 마곡동,강서구,존재하지 않음,4,4,17.96,서울 강서구,784-6,11500,5
"19,700",중개거래,2017,2023,마곡센트럴대방디엠시티오피스텔, , , 마곡동,강서구,존재하지 않음,4,4,24.0212,서울 강서구,776-2,11500,12
"17,000",중개거래,2016,2023,마곡헤리움2차, , , 마곡동,강서구,존재하지 않음,4,4,22.51,서울 강서구,758-3,11500,13
"30,500",중개거래,2017,2023,힐스테이트에코 마곡나루역 라마다앙코르 서울마곡, , , 마곡동,강서구,존재하지 않음,4,5,33.093,서울 강서구,760-1,11500,14
"23,000",중개거래,2016,2023,마곡헤리움2차, , , 마곡동,강서구,존재하지 않음,4,6,30.31,서울 강서구,758-3,11500,14
"17,400",중개거래,2015,2023,엠코지니어스타, , , 마곡동,강서구,존재하지 않음,4,7,23.84,서울 강서구,776-4,11500,12
"19,000",중개거래,2017,2023,마곡나루역보타닉푸르지오시티, , , 마곡동,강서구,존재하지 않음,4,8,21.86,서울 강서구,760,11500,9
"18,000",중개거래,2017,2023,마곡나루역보타닉푸르지오시티, , , 마곡동,강서구,존재하지 않음,4,8,21.89,서울 강서구,760,11500,10
"15,500",중개거래,2015,2023,엠코지니어스타, , , 마곡동,강서구,존재하지 않음,4,9,22.95,서울 강서구,776-4,11500,7
"11,528",직거래,2015,2023,아르디에, , , 마곡동,강서구,존재하지 않음,4,10,18.59, ,784-13,11500,4
"12,150",중개거래,2015,2023,우성르보아투, , , 마곡동,강서구,존재하지 않음,4,10,20.24,서울 강서구,739-2,11500,4
"20,200",중개거래,2017,2023,힐스테이트에코동익, , , 마곡동,강서구,존재하지 않음,4,10,24.57,서울 강서구,773-3,11500,11
"23,800",중개거래,2017,2023,마곡센트럴대방디엠시티오피스텔, , , 마곡동,강서구,존재하지 않음,4,12,30.8365,서울 강서구,776-2,11500,8
"15,950",중개거래,2016,2023,마곡일성트루엘플래닛, , , 마곡동,강서구,존재하지 않음,4,13,21.27,서울 강서구,758-2,11500,11
"16,300",중개거래,2016,2023,마곡일성트루엘플래닛, , , 마곡동,강서구,존재하지 않음,4,14,21.43,서울 강서구,758-2,11500,11
"21,000",중개거래,2017,2023,힐스테이트에코동익, , , 마곡동,강서구,존재하지 않음,4,15,24.57,서울 강서구,773-3,11500,7
"18,100",중개거래,2017,2023,마곡나루역보타닉푸르지오시티, , , 마곡동,강서구,존재하지 않음,4,15,22.17,서울 강서구,760,11500,9
"19,500",중개거래,2017,2023,마곡나루역보타닉푸르지오시티, , , 마곡동,강서구,존재하지 않음,4,15,22.76,서울 강서구,760,11500,11
"18,000",중개거래,2017,2023,마곡나루역보타닉푸르지오시티, , , 마곡동,강서구,존재하지 않음,4,15,22.2,서울 강서구,760,11500,11
"19,500",중개거래,2017,2023,마곡나루역보타닉푸르지오시티, , , 마곡동,강서구,존재하지 않음,4,15,22.76,서울 강서구,760,11500,11
"18,000",중개거래,2017,2023,힐스테이트에코 마곡나루역 라마다앙코르 서울마곡, , , 마곡동,강서구,존재하지 않음,4,17,20.842,서울 강서구,760-1,11500,12
"17,500",중개거래,2017,2023,힐스테이트에코 마곡나루역 라마다앙코르 서울마곡, , , 마곡동,강서구,존재하지 않음,4,19,22.056,서울 강서구,760-1,11500,14
"33,000",중개거래,2016,2023,마곡나루역캐슬파크, , , 마곡동,강서구,존재하지 않음,4,21,30.04,서울 강서구,760-2,11500,11
"12,500",중개거래,2015,2023,우성르보아투, , , 마곡동,강서구,존재하지 않음,4,21,20.24,서울 강서구,739-2,11500,4
"22,700",중개거래,2017,2023,마곡나루역보타닉푸르지오시티, , , 마곡동,강서구,존재하지 않음,4,21,21.89,서울 강서구,760,11500,10
"19,000",중개거래,2016,2023,마곡역센트럴푸르지오시티, , , 마곡동,강서구,존재하지 않음,4,24,23.99,서울 강서구,773-1,11500,12
"12,900",중개거래,2015,2023,우성르보아투, , , 마곡동,강서구,존재하지 않음,4,24,20.24,서울 강서구,739-2,11500,12
"19,100",중개거래,2017,2023,마곡센트럴대방디엠시티오피스텔, , , 마곡동,강서구,존재하지 않음,4,25,24.0212,서울 강서구,776-2,11500,9
"17,300",중개거래,2016,2023,마곡역센트럴푸르지오시티, , , 마곡동,강서구,존재하지 않음,4,26,23,서울 강서구,773-1,11500,3
"20,900",중개거래,2017,2023,힐스테이트에코동익, , , 마곡동,강서구,존재하지 않음,4,27,24.57,서울 강서구,773-3,11500,11
"14,000",중개거래,2015,2023,미르웰플러스오피스텔, , , 마곡동,강서구,존재하지 않음,4,27,19.46,서울 강서구,784-4,11500,8
"16,500",중개거래,2017,2023,마곡나루역보타닉푸르지오시티, , , 마곡동,강서구,존재하지 않음,4,27,22.17,서울 강서구,760,11500,10
"19,500",중개거래,2017,2023,힐스테이트 에코 마곡역, , , 마곡동,강서구,존재하지 않음,4,28,19.967,서울 강서구,773,11500,13
"7,800",중개거래,2011,2023,이스카이오피스텔, , , 공항동,강서구,존재하지 않음,4,18,19.45,서울 강서구,49-1,11500,7
"9,200",중개거래,2005,2023,대룡드림타워-Ⅱ, , , 공항동,강서구,존재하지 않음,4,25,25.83,서울 강서구,45-19,11500,5
"5,000",중개거래,2003,2023,방화샤르망1오피스텔, , , 방화동,강서구,존재하지 않음,4,1,16.286,서울 강서구,830-3,11500,3
"8,000",중개거래,1999,2023,에어뷰21-1오피스텔, , , 방화동,강서구,존재하지 않음,4,6,26.98,서울 강서구,829-5,11500,12
"12,000",중개거래,2011,2023,(620-214), , , 방화동,강서구,존재하지 않음,4,10,27.37,서울 강서구,620-214,11500,10
"5,700",중개거래,2003,2023,방화샤르망1오피스텔, , , 방화동,강서구,존재하지 않음,4,13,16.286,서울 강서구,830-3,11500,6
"5,000",중개거래,2003,2023,방화샤르망1오피스텔, , , 방화동,강서구,존재하지 않음,4,14,16.286,서울 강서구,830-3,11500,7
"11,500",중개거래,2011,2023,(620-214), , , 방화동,강서구,존재하지 않음,4,15,27.37,서울 강서구,620-214,11500,10
"8,000",중개거래,1999,2023,에어뷰21-2오피스텔, , , 방화동,강서구,존재하지 않음,4,17,26.22,서울 강서구,830-1,11500,4
"8,000",중개거래,2002,2023,벤처오피스텔, , , 방화동,강서구,존재하지 않음,4,21,26,서울 강서구,620-52,11500,6
"8,900",중개거래,1999,2023,에어뷰21-1오피스텔, , , 방화동,강서구,존재하지 않음,4,21,26.86,서울 강서구,829-5,11500,10
"8,000",중개거래,1999,2023,에어뷰21-1오피스텔, , , 방화동,강서구,존재하지 않음,4,28,26.86,서울 강서구,829-5,11500,7
"5,700",중개거래,2003,2023,방화샤르망2오피스텔, , , 방화동,강서구,존재하지 않음,4,29,17.636,서울 강서구,830-5,11500,8
"50,000",중개거래,2007,2023,신도림1차푸르지오, , , 신도림동,구로구,존재하지 않음,4,5,50.68,서울 구로구,337,11530,14
"12,500",중개거래,2012,2023,비즈트위트 레인보우, , , 구로동,구로구,존재하지 않음,4,2,21.52,서울 영등포구,44-5,11530,17
"10,500",중개거래,2015,2023,대림역포스큐, , , 구로동,구로구,존재하지 않음,4,4,19.015,서울 구로구,106-2,11530,13
"14,500",중개거래,2004,2023,구로동복합건물OPUS1, , , 구로동,구로구,존재하지 않음,4,4,31.2,서울 구로구,611-26,11530,7
"17,000",중개거래,2016,2023,비즈트위트 레드, , , 구로동,구로구,존재하지 않음,4,5,28.22,서울 구로구,104-8,11530,17
"27,500",직거래,2022,2023,몽삐에뜨로즈, , , 구로동,구로구,존재하지 않음,4,5,26.59, ,44-2,11530,13
"28,700",중개거래,2006,2023,한솔로이젠트, , , 구로동,구로구,존재하지 않음,4,6,54.64,서울 구로구,103-11,11530,15
"11,300",중개거래,2012,2023,비즈트위트 레인보우, , , 구로동,구로구,존재하지 않음,4,7,19.51,서울 구로구,44-5,11530,15
"21,100",중개거래,2005,2023,SK 허브수 , , , 구로동,구로구,존재하지 않음,4,8,37.53,서울 구로구,650-4,11530,13
"11,500",중개거래,2014,2023,로제리움2차, , , 구로동,구로구,존재하지 않음,4,12,19.74,서울 구로구,97,11530,3
"12,200",직거래,2012,2023,비즈트위트 레인보우, , , 구로동,구로구,존재하지 않음,4,13,19.51, ,44-5,11530,9
"14,100",중개거래,2011,2023,하나세인스톤3차, , , 구로동,구로구,존재하지 않음,4,13,25.67,서울 강북구,46-4,11530,2
"11,250",직거래,2013,2023,비즈트위트 오렌지, , , 구로동,구로구,존재하지 않음,4,13,17.81, ,44-8,11530,8
"7,500",중개거래,1999,2023,현대파크빌, , , 구로동,구로구,존재하지 않음,4,14,33.72,서울 구로구,108,11530,7
"10,400",중개거래,2014,2023,로제리움2차, , , 구로동,구로구,존재하지 않음,4,14,18.54,서울 구로구,97,11530,8
"12,000",중개거래,1997,2023,도림두산베어스타워, , , 구로동,구로구,존재하지 않음,4,17,43.22,서울 구로구,110-4,11530,4
"20,500",중개거래,2005,2023,SK 허브수 , , , 구로동,구로구,존재하지 않음,4,17,37.53,서울 구로구,650-4,11530,13
"12,800",중개거래,2003,2023,태천대, , , 구로동,구로구,존재하지 않음,4,19,30.51,서울 구로구,1131-8,11530,10
"18,800",중개거래,2016,2023,비즈트위트 레드, , , 구로동,구로구,존재하지 않음,4,23,27.22,서울 구로구,104-8,11530,19
"11,400",중개거래,2013,2023,비즈트위트 오렌지, , , 구로동,구로구,존재하지 않음,4,24,17.74,서울 영등포구,44-8,11530,14
"27,900",중개거래,2004,2023,구로동복합건물OPUS1, , , 구로동,구로구,존재하지 않음,4,25,73.66,서울 구로구,611-26,11530,10
"14,300",중개거래,2012,2023,대림역 와이즈플레이스, , , 구로동,구로구,존재하지 않음,4,26,29.847,서울 구로구,98-4,11530,5
"10,000",중개거래,2013,2023,그린플러스 구로 해담채2, , , 구로동,구로구,존재하지 않음,4,27,17.19,서울 구로구,104-6,11530,4
"15,000",중개거래,2004,2023,구로동복합건물OPUS1, , , 구로동,구로구,존재하지 않음,4,27,31.2,서울 구로구,611-26,11530,10
"10,000",중개거래,2013,2023,그린플러스 구로 해담채2, , , 구로동,구로구,존재하지 않음,4,27,17.19,서울 구로구,104-6,11530,4
"10,500",중개거래,2011,2023,하나세인스톤2차, , , 구로동,구로구,존재하지 않음,4,28,18.37,서울 구로구,97-4,11530,3
"13,500",직거래,2011,2023,하나세인스톤3차, , , 구로동,구로구,존재하지 않음,4,28,25.67, ,46-4,11530,7
"38,500",중개거래,2006,2023,삼부르네상스파크빌, , , 가리봉동,구로구,존재하지 않음,4,1,82.775,서울 구로구,137-4,11530,5
"42,500",중개거래,2006,2023,삼부르네상스파크빌, , , 가리봉동,구로구,존재하지 않음,4,5,82.775,서울 구로구,137-4,11530,13
"20,000",중개거래,2021,2023,고척동 헤리움 더원, , , 고척동,구로구,존재하지 않음,4,7,19.0071,서울 구로구,76-14,11530,11
"8,200",직거래,2004,2023,아크로펠리스, , , 오류동,구로구,존재하지 않음,4,8,18, ,46-2,11530,7
"16,000",중개거래,2004,2023,아크로펠리스, , , 오류동,구로구,존재하지 않음,4,21,36,서울 구로구,46-2,11530,3
"8,200",중개거래,2004,2023,아크로펠리스, , , 오류동,구로구,존재하지 않음,4,22,18,서울 구로구,46-2,11530,3
"8,300",중개거래,2004,2023,아크로펠리스, , , 오류동,구로구,존재하지 않음,4,22,18,서울 구로구,46-2,11530,4
"9,250",중개거래,2004,2023,아크로펠리스, , , 오류동,구로구,존재하지 않음,4,24,18,서울 구로구,46-2,11530,12
"11,800",중개거래,2005,2023,이좋은집, , , 오류동,구로구,존재하지 않음,4,28,29.43,서울 구로구,46-1,11530,14
"13,000",중개거래,2020,2023,가산센트럴 푸르지오시티, , , 가산동,금천구,존재하지 않음,4,3,17.62,서울 금천구,233-5,11545,8
"11,000",중개거래,2017,2023,가산 미소지움, , , 가산동,금천구,존재하지 않음,4,11,15.93,경기 안양동안구,550-17,11545,9
"33,700",중개거래,2020,2023,가산센트럴 푸르지오시티, , , 가산동,금천구,존재하지 않음,4,12,35.78,서울 금천구,233-5,11545,10
"14,250",중개거래,2020,2023,가산센트럴 푸르지오시티, , , 가산동,금천구,존재하지 않음,4,21,17.69,서울 금천구,233-5,11545,4
"14,450",중개거래,2020,2023,가산센트럴 푸르지오시티, , , 가산동,금천구,존재하지 않음,4,21,17.69,서울 금천구,233-5,11545,4
"13,000",중개거래,2013,2023,램킨푸르지오시티, , , 가산동,금천구,존재하지 않음,4,22,19.96,서울 금천구,139-3,11545,11
"17,900",중개거래,2019,2023,금천 롯데캐슬 골드파크 4차, , , 독산동,금천구,존재하지 않음,4,3,26.14,서울 금천구,1156,11545,21
"23,200",직거래,2017,2023,SKY, , , 독산동,금천구,존재하지 않음,4,6,39.29, ,1009-64,11545,3
"9,500",중개거래,2004,2023,삼부르네상스플러스, , , 독산동,금천구,존재하지 않음,4,9,20.31,서울 관악구,953,11545,11
"32,500",중개거래,2019,2023,금천 롯데캐슬 골드파크 4차, , , 독산동,금천구,존재하지 않음,4,12,33.68,서울 금천구,1156,11545,13
"31,419",직거래,2022,2023,유원블리스독산, , , 독산동,금천구,존재하지 않음,4,13,29.02, ,335-23,11545,7
"30,792",직거래,2022,2023,유원블리스독산, , , 독산동,금천구,존재하지 않음,4,13,29.02, ,335-23,11545,2
"32,400",직거래,2021,2023,미림에이클래스, , , 독산동,금천구,존재하지 않음,4,18,27.79, ,336-8,11545,11
"11,000",중개거래,2004,2023,삼부르네상스플러스, , , 독산동,금천구,존재하지 않음,4,26,23.25,서울 금천구,953,11545,11
"31,900",직거래,2021,2023,엘린하우스, , , 독산동,금천구,존재하지 않음,4,26,41.52, ,962-26,11545,3
"18,800",중개거래,2019,2023,e편한세상 독산 더타워, , , 독산동,금천구,존재하지 않음,4,28,26.2152,서울 금천구,1007-13,11545,25
"9,500",중개거래,2012,2023,시흥 사거리 와이즈 플레이스, , , 시흥동,금천구,존재하지 않음,4,1,18.25,서울 금천구,882-61,11545,10
"15,800",중개거래,2018,2023,금천리메인시티, , , 시흥동,금천구,존재하지 않음,4,3,23.01,서울 금천구,883-11,11545,9
"17,000",중개거래,2014,2023,이엠하우스, , , 시흥동,금천구,존재하지 않음,4,7,45.54,서울 금천구,911-16,11545,2
"9,500",중개거래,2012,2023,시흥 사거리 와이즈 플레이스, , , 시흥동,금천구,존재하지 않음,4,8,18.11,서울 금천구,882-61,11545,6
"9,500",중개거래,2012,2023,시흥 사거리 와이즈 플레이스, , , 시흥동,금천구,존재하지 않음,4,8,18.25,서울 금천구,882-61,11545,11
"46,822",직거래,2022,2023,제이타워, , , 시흥동,금천구,존재하지 않음,4,10,34.39, ,994-9,11545,18
"31,700",중개거래,2005,2023,시티뷰3차, , , 시흥동,금천구,존재하지 않음,4,25,71.1,서울 금천구,987-14,11545,2
"22,000",중개거래,2015,2023,대현오피스텔, , , 시흥동,금천구,존재하지 않음,4,26,38.63,서울 금천구,108-62,11545,10
"13,000",직거래,2013,2023,여의도씨티아이, , , 영등포동1가,영등포구,존재하지 않음,4,5,16.88, ,113-1,11560,10
"13,000",직거래,2013,2023,여의도씨티아이, , , 영등포동1가,영등포구,존재하지 않음,4,5,18.16, ,113-1,11560,9
"27,300",중개거래,2021,2023,여의도 노블루체91, , , 영등포동1가,영등포구,존재하지 않음,4,20,20.5,서울 영등포구,110-6,11560,16
"24,500",중개거래,2016,2023,신한헤스티아, , , 영등포동1가,영등포구,존재하지 않음,4,26,29.01,서울 영등포구,127,11560,3
"26,000",직거래,2022,2023,여의샛강 소미골드5차, , , 영등포동2가,영등포구,존재하지 않음,4,10,19.85, ,214,11560,7
"7,000",중개거래,1992,2023,리버타워 오피스텔, , , 영등포동2가,영등포구,존재하지 않음,4,19,25.74,서울 영등포구,94-119,11560,6
"27,900",중개거래,2018,2023,루브르하우스, , , 영등포동2가,영등포구,존재하지 않음,4,23,36.335,서울 용산구,284-4,11560,3
"18,000",중개거래,2019,2023,여의도 디앤써밋, , , 영등포동2가,영등포구,존재하지 않음,4,25,17.12,서울 영등포구,94-154,11560,6
"19,000",중개거래,2005,2023,영등포 점프밀라노, , , 영등포동3가,영등포구,존재하지 않음,4,1,33.21,서울 영등포구,7,11560,16
"33,000",중개거래,2019,2023,휴젠느, , , 영등포동5가,영등포구,존재하지 않음,4,20,38.01,서울 영등포구,88,11560,4
"28,000",중개거래,2019,2023,휴젠느, , , 영등포동5가,영등포구,존재하지 않음,4,21,38.01,서울 영등포구,88,11560,5
"20,500",중개거래,2020,2023,포레나 영등포 센트럴, , , 영등포동7가,영등포구,존재하지 않음,4,11,19.3067,서울 영등포구,208,11560,21
"26,000",중개거래,2000,2023,리버타워, , , 여의도동,영등포구,존재하지 않음,4,5,58.21,서울 영등포구,61-5,11560,7
"24,000",중개거래,2003,2023,엘지여의도에클라트, , , 여의도동,영등포구,존재하지 않음,4,5,37.96,서울 영등포구,14-21,11560,10
"27,500",중개거래,2017,2023,더하우스 소호 여의도 오피스텔, , , 여의도동,영등포구,존재하지 않음,4,8,23.63,서울 영등포구,17-9,11560,13
"24,800",중개거래,2019,2023,(주)신한 여의도 드림리버 오피스텔, , , 여의도동,영등포구,존재하지 않음,4,14,24.5,서울 강남구,12-3,11560,7
"28,900",중개거래,2017,2023,더하우스 소호 여의도 오피스텔, , , 여의도동,영등포구,존재하지 않음,4,16,26.87,서울 영등포구,17-9,11560,10
"21,600",중개거래,2003,2023,엘지여의도에클라트, , , 여의도동,영등포구,존재하지 않음,4,17,38.01,서울 영등포구,14-21,11560,2
"24,300",직거래,1994,2023,콤비빌딩, , , 여의도동,영등포구,존재하지 않음,4,17,57.34, ,61-4,11560,2
"56,000",중개거래,1991,2023,한서리버파크, , , 여의도동,영등포구,존재하지 않음,4,21,48.04,"서울 마포구, 서울 영등포구",11-11,11560,7
"25,000",중개거래,2019,2023,(주)신한 여의도 드림리버 오피스텔, , , 여의도동,영등포구,존재하지 않음,4,22,24.5,서울 영등포구,12-3,11560,11
"23,000",중개거래,2005,2023,코오롱 스타폴리스, , , 당산동4가,영등포구,존재하지 않음,4,4,40.28,서울 영등포구,1-2,11560,3
"17,000",중개거래,2005,2023,당산역 한강포스빌, , , 당산동5가,영등포구,존재하지 않음,4,14,30.43,서울 영등포구,33-1,11560,11
"18,000",중개거래,2005,2023,당산역 한강포스빌, , , 당산동5가,영등포구,존재하지 않음,4,21,29.23,서울 영등포구,33-1,11560,12
"22,000",중개거래,2013,2023,당산 삼성쉐르빌, , , 당산동5가,영등포구,존재하지 않음,4,22,25.92,서울 영등포구,9-2,11560,11
"20,900",중개거래,2013,2023,당산 삼성쉐르빌, , , 당산동5가,영등포구,존재하지 않음,4,25,27.19,서울 영등포구,9-2,11560,17
"20,500",중개거래,2013,2023,당산 삼성쉐르빌, , , 당산동5가,영등포구,존재하지 않음,4,28,24.8,서울 영등포구,9-2,11560,17
"90,000",중개거래,2006,2023,쌍용플래티넘시티2단지, , , 도림동,영등포구,존재하지 않음,4,11,96.7,경기 안산단원구,269-1,11560,10
"10,300",중개거래,2004,2023,명지 페르마타, , , 문래동5가,영등포구,존재하지 않음,4,13,25.93,서울 영등포구,23-4,11560,9
"10,800",중개거래,2004,2023,명지 페르마타, , , 문래동5가,영등포구,존재하지 않음,4,23,25.93,서울 영등포구,23-4,11560,9
"10,300",중개거래,2004,2023,명지 페르마타, , , 문래동5가,영등포구,존재하지 않음,4,25,25.93,서울 영등포구,23-4,11560,2
"16,000",중개거래,1992,2023,대륭오피스텔, , , 문래동5가,영등포구,존재하지 않음,4,26,38.76,서울 영등포구,2,11560,8
"26,800",중개거래,2018,2023,문래투웨니퍼스트, , , 문래동6가,영등포구,존재하지 않음,4,27,27.59,서울 영등포구,29-1,11560,11
"44,500",중개거래,2004,2023,문래동 현대홈시티2, , , 문래동6가,영등포구,존재하지 않음,4,28,56.87,서울 영등포구,2-2,11560,7
"7,600",중개거래,2004,2023,CO-OP Residence/오목교, , , 양평동2가,영등포구,존재하지 않음,4,4,16.98,서울 영등포구,43-14,11560,9
"11,500",중개거래,2004,2023,CO-OP Residence/오목교, , , 양평동2가,영등포구,존재하지 않음,4,5,26.38,서울 영등포구,43-14,11560,14
"27,500",직거래,2021,2023,한경 LAXEPLACE, , , 양평동2가,영등포구,존재하지 않음,4,21,24.11, ,19-1,11560,2
"27,800",직거래,2021,2023,한경 LAXEPLACE, , , 양평동2가,영등포구,존재하지 않음,4,21,24.11, ,19-1,11560,3
"61,500",중개거래,2005,2023,양평동 대우이안2, , , 양평동3가,영등포구,존재하지 않음,4,7,82.02,서울 영등포구,54,11560,14
"75,000",중개거래,2005,2023,양평동 대우이안2, , , 양평동3가,영등포구,존재하지 않음,4,8,94.79,서울 영등포구,54,11560,15
"61,000",중개거래,2005,2023,양평동 대우이안2, , , 양평동3가,영등포구,존재하지 않음,4,19,82.02,서울 영등포구,54,11560,11
"8,450",중개거래,2003,2023,양평동 우림보보카운티 오피스텔, , , 양평동3가,영등포구,존재하지 않음,4,24,16.25,서울 영등포구,17-1,11560,11
"65,000",직거래,2004,2023,양평역 대우미래사랑, , , 양평동3가,영등포구,존재하지 않음,4,27,77.37, ,34,11560,6
"40,000",직거래,2022,2023,금강노블레스, , , 양평동6가,영등포구,존재하지 않음,4,3,31.47, ,81,11560,10
"27,300",중개거래,2020,2023,선유도역 더블파크 투웨니퍼스트, , , 양평동6가,영등포구,존재하지 않음,4,18,28.42,서울 영등포구,94,11560,2
"17,350",중개거래,존재하지 않음,2023,콘펠리체, , , 신길동,영등포구,존재하지 않음,4,6,16.82,서울 영등포구,449-20,11560,11
"18,500",중개거래,2004,2023,대우 디오빌 골든뷰 오피스텔, , , 신길동,영등포구,존재하지 않음,4,15,30.21,서울 영등포구,22-5,11560,9
"15,000",직거래,2004,2023,대우 디오빌 골든뷰 오피스텔, , , 신길동,영등포구,존재하지 않음,4,19,28.29, ,22-5,11560,8
"20,400",직거래,2020,2023,노량진 드림스퀘어 복합빌딩, , , 노량진동,동작구,존재하지 않음,4,28,24.1329, ,16-1,11590,6
"12,500",직거래,2012,2023,동양스마트빌, , , 상도동,동작구,존재하지 않음,4,15,19.173, ,324-23,11590,2
"41,500",중개거래,2006,2023,동작상떼빌, , , 신대방동,동작구,존재하지 않음,4,9,62.43,서울 동작구,719,11590,11
"14,800",중개거래,2015,2023,신라스테이해링턴타워, , , 신대방동,동작구,존재하지 않음,4,10,20.34,서울 동작구,698,11590,5
"12,000",중개거래,2003,2023,예성 아이 라이프, , , 봉천동,관악구,존재하지 않음,4,3,21.06,"서울 관악구, 서울 서초구",875-10,11620,2
"10,450",중개거래,1990,2023,세종오피스텔, , , 봉천동,관악구,존재하지 않음,4,3,21.44,서울 노원구,865-2,11620,5
"11,300",중개거래,2005,2023,CO-OP RESIDENCE/서울대입구, , , 봉천동,관악구,존재하지 않음,4,4,17.19,서울 관악구,861-7,11620,8
"10,500",중개거래,2000,2023,해주타워, , , 봉천동,관악구,존재하지 않음,4,5,22,서울 관악구,870-1,11620,8
"11,500",중개거래,2005,2023,CO-OP RESIDENCE/서울대입구, , , 봉천동,관악구,존재하지 않음,4,5,17.19,서울 관악구,861-7,11620,8
"16,700",중개거래,2005,2023,CO-OP RESIDENCE/서울대입구, , , 봉천동,관악구,존재하지 않음,4,7,26.67,서울 관악구,861-7,11620,12
"11,280",중개거래,2010,2023,케이타워 오피스텔, , , 봉천동,관악구,존재하지 않음,4,8,18.24,서울 관악구,882-4,11620,7
"11,000",중개거래,2000,2023,해주타워, , , 봉천동,관악구,존재하지 않음,4,10,22,서울 관악구,870-1,11620,9
"18,400",중개거래,2013,2023,PRAVIDA 162, , , 봉천동,관악구,존재하지 않음,4,14,19.82,서울 구로구,1568-2,11620,12
"11,400",중개거래,2010,2023,케이타워 오피스텔, , , 봉천동,관악구,존재하지 않음,4,17,18.24,서울 관악구,882-4,11620,6
"10,500",중개거래,1990,2023,세종오피스텔, , , 봉천동,관악구,존재하지 않음,4,24,22.72,서울 관악구,865-2,11620,4
"15,300",중개거래,2013,2023,봉천동 867-12 공동주택 (대호아이피개발주식회사), , , 봉천동,관악구,존재하지 않음,4,24,24.01,서울 관악구,867-12,11620,3
"24,500",중개거래,2021,2023,더헤르미온, , , 봉천동,관악구,존재하지 않음,4,27,15.45,서울 관악구,1666-51,11620,3
"18,500",중개거래,존재하지 않음,2023,서울대입구 한양아이클래스, , , 봉천동,관악구,존재하지 않음,4,29,20.15,서울 관악구,1568-1,11620,7
"15,050",중개거래,2003,2023,예성 아이 라이프, , , 봉천동,관악구,존재하지 않음,4,29,24.66,서울 관악구,875-10,11620,11
"9,900",직거래,1998,2023,신림오피스텔, , , 신림동,관악구,존재하지 않음,4,2,28.35, ,1431-38,11620,8
"19,700",중개거래,2011,2023,삼모 더 프라임 타워, , , 신림동,관악구,존재하지 않음,4,17,30.8,서울 관악구,1638-1,11620,10
"16,750",중개거래,2011,2023,삼모 더 프라임 타워, , , 신림동,관악구,존재하지 않음,4,19,23.89,서울 관악구,1638-1,11620,12
"19,900",중개거래,2011,2023,삼모 더 프라임 타워, , , 신림동,관악구,존재하지 않음,4,19,30.8,서울 관악구,1638-1,11620,26
"43,000",중개거래,2011,2023,삼모 더 프라임 타워, , , 신림동,관악구,존재하지 않음,4,23,62.11,서울 관악구,1638-1,11620,18
"101,000",중개거래,2002,2023,강임하이빌, , , 방배동,서초구,존재하지 않음,4,1,25.44,서울 서초구,476-1,11650,9
"81,500",중개거래,2002,2023,강임하이빌, , , 방배동,서초구,존재하지 않음,4,30,25.44,서울 서초구,476-1,11650,4
"33,000",중개거래,1991,2023,삼호물산빌딩, , , 양재동,서초구,존재하지 않음,4,4,82.08,서울 서초구,275-6,11650,19
"20,160",중개거래,1991,2023,삼호물산빌딩, , , 양재동,서초구,존재하지 않음,4,8,54.72,서울 서초구,275-6,11650,14
"17,300",중개거래,1991,2023,트윈타워, , , 양재동,서초구,존재하지 않음,4,10,24.07,서울 서초구,275-4,11650,15
"12,500",중개거래,1991,2023,삼호물산빌딩, , , 양재동,서초구,존재하지 않음,4,14,27.36,서울 서초구,275-1,11650,16
"34,000",중개거래,1991,2023,삼호물산빌딩, , , 양재동,서초구,존재하지 않음,4,17,85.12,서울 서초구,275-6,11650,12
"34,000",중개거래,1991,2023,삼호물산빌딩, , , 양재동,서초구,존재하지 않음,4,17,82.08,서울 서초구,275-6,11650,12
"15,800",중개거래,1991,2023,트윈타워, , , 양재동,서초구,존재하지 않음,4,20,28.72,서울 서초구,275-4,11650,7
"13,800",중개거래,1991,2023,삼호물산빌딩, , , 양재동,서초구,존재하지 않음,4,24,27.36,서울 서초구,275-1,11650,18
"32,000",중개거래,1991,2023,삼호물산빌딩, , , 양재동,서초구,존재하지 않음,4,26,82.08,서울 서초구,275-6,11650,12
"14,500",중개거래,1991,2023,삼호물산빌딩, , , 양재동,서초구,존재하지 않음,4,27,27.36,서울 서초구,275-1,11650,8
"14,000",중개거래,1991,2023,삼호물산빌딩, , , 양재동,서초구,존재하지 않음,4,27,27.36,서울 서초구,275-1,11650,8
"14,000",중개거래,2015,2023,미라쉘, , , 우면동,서초구,존재하지 않음,4,1,19.4,서울 서초구,765,11650,4
"14,900",중개거래,2015,2023,서초 디벨리움 오피스텔, , , 우면동,서초구,존재하지 않음,4,8,20.63,서울 서초구,755,11650,8
"19,000",중개거래,2015,2023,서초리슈빌S글로벌, , , 우면동,서초구,존재하지 않음,4,14,21.68,서울 서초구,787,11650,10
"15,000",중개거래,2015,2023,서초리슈빌S글로벌, , , 우면동,서초구,존재하지 않음,4,21,21.52,서울 서초구,787,11650,4
"13,400",중개거래,2015,2023,서초 에비뉴클래식, , , 우면동,서초구,존재하지 않음,4,29,18.47,서울 서초구,759,11650,2
"34,000",중개거래,2020,2023,서초센트럴IPARK, , , 서초동,서초구,존재하지 않음,4,4,24.7552,서울 서초구,1582-3,11650,13
"22,800",중개거래,2018,2023,현대썬앤빌 강남 더 인피닛, , , 서초동,서초구,존재하지 않음,4,5,18.33,서울 서초구,1303-6,11650,3
"12,000",중개거래,1991,2023,(1588-1), , , 서초동,서초구,존재하지 않음,4,6,24.59,서울 서초구,1588-1,11650,5
"24,500",중개거래,1991,2023,코리아비지니스센타, , , 서초동,서초구,존재하지 않음,4,6,32.62,서울 서초구,1338-21,11650,11
"40,500",중개거래,2004,2023,서초대우디오빌, , , 서초동,서초구,존재하지 않음,4,8,45.17,서울 서초구,1355-17,11650,8
"12,500",직거래,1990,2023,센츄리오피스텔, , , 서초동,서초구,존재하지 않음,4,10,25.08, ,1589-5,11650,13
"32,650",중개거래,2013,2023,강남역 I'PARK, , , 서초동,서초구,존재하지 않음,4,10,29.85,서울 서초구,1303-16,11650,10
"21,900",중개거래,2006,2023,이즈타워, , , 서초동,서초구,존재하지 않음,4,11,29.43,서울 서초구,1337-14,11650,12
"36,000",중개거래,2004,2023,엘지서초에클라트, , , 서초동,서초구,존재하지 않음,4,12,45.098,서울 서초구,1599-2,11650,19
"12,800",중개거래,2005,2023,피앤디 솔로빌, , , 서초동,서초구,존재하지 않음,4,12,15.76,서울 서초구,1623-3,11650,11
"23,500",중개거래,2006,2023,이즈타워, , , 서초동,서초구,존재하지 않음,4,12,29.43,서울 서초구,1337-14,11650,15
"24,000",중개거래,1990,2023,(1595-2), , , 서초동,서초구,존재하지 않음,4,13,50.76,서울 서초구,1595-2,11650,12
"31,500",중개거래,2005,2023,서초현대렉시온, , , 서초동,서초구,존재하지 않음,4,13,34,서울 서초구,1338-20,11650,18
"32,000",직거래,1999,2023,두산베어스텔, , , 서초동,서초구,존재하지 않음,4,14,42, ,1319-11,11650,14
"61,000",중개거래,2004,2023,서초대우디오빌, , , 서초동,서초구,존재하지 않음,4,14,58.84,서울 서초구,1355-17,11650,4
"20,200",중개거래,2005,2023,서초신성미소시티, , , 서초동,서초구,존재하지 않음,4,15,30.56,서울 서초구,1600-4,11650,9
"24,000",중개거래,2004,2023,서초동오피스텔, , , 서초동,서초구,존재하지 않음,4,15,32.69,서울 서초구,1309-1,11650,5
"67,000",중개거래,존재하지 않음,2023,서초 웰하우스, , , 서초동,서초구,존재하지 않음,4,18,55.41,서울 서초구,1487-116,11650,4
"35,700",중개거래,1999,2023,두산베어스텔, , , 서초동,서초구,존재하지 않음,4,18,42,서울 서초구,1319-11,11650,5
"32,700",중개거래,1988,2023,서초오피스텔, , , 서초동,서초구,존재하지 않음,4,19,33,서울 서초구,1302-1,11650,5
"24,000",중개거래,2018,2023,현대썬앤빌 강남 더 인피닛, , , 서초동,서초구,존재하지 않음,4,20,17.95,서울 서초구,1303-6,11650,14
"36,500",중개거래,1999,2023,두산베어스텔, , , 서초동,서초구,존재하지 않음,4,20,42,서울 서초구,1319-11,11650,16
"28,500",중개거래,2003,2023,서초 대우아이빌, , , 서초동,서초구,존재하지 않음,4,21,40.945,서울 서초구,1675-11,11650,2
"37,000",중개거래,2020,2023,서초센트럴IPARK, , , 서초동,서초구,존재하지 않음,4,22,24.7552,"서울 강남구, 서울 서초구",1582-3,11650,31
"23,800",중개거래,2006,2023,이즈타워, , , 서초동,서초구,존재하지 않음,4,24,31.33,서울 서초구,1337-14,11650,10
"10,800",직거래,1991,2023,(1600-9), , , 서초동,서초구,존재하지 않음,4,24,25.99, ,1600-9,11650,8
"30,000",중개거래,1990,2023,한서그린빌리지오피스텔, , , 서초동,서초구,존재하지 않음,4,25,33.43,서울 중랑구,1308-16,11650,7
"32,000",중개거래,2005,2023,서초현대렉시온, , , 서초동,서초구,존재하지 않음,4,25,34,"서울 강남구, 서울 서초구",1338-20,11650,7
"31,000",중개거래,2013,2023,강남역 I'PARK, , , 서초동,서초구,존재하지 않음,4,25,29.87,서울 서초구,1303-16,11650,15
"32,000",중개거래,2005,2023,서초현대렉시온, , , 서초동,서초구,존재하지 않음,4,25,34,서울 서초구,1338-20,11650,7
"17,500",중개거래,2005,2023,강남역인앤인, , , 서초동,서초구,존재하지 않음,4,27,32.275,서울 강남구,1330-12,11650,10
"15,500",중개거래,2015,2023,자연누리 오피스텔, , , 신원동,서초구,존재하지 않음,4,15,21.39,서울 서초구,존재하지 않음,11650,2
"16,000",중개거래,2015,2023,자연누리 오피스텔, , , 신원동,서초구,존재하지 않음,4,15,21.39,서울 서초구,존재하지 않음,11650,3
"25,500",중개거래,2016,2023,역삼 푸르지오 시티, , , 역삼동,강남구,존재하지 않음,4,1,23.9,서울 강남구,735-17,11680,3
"28,500",중개거래,2018,2023,BIEL 106, , , 역삼동,강남구,존재하지 않음,4,1,21.3945,서울 강남구,832-16,11680,5
"26,800",중개거래,2014,2023,강남역 효성해링턴 타워 더퍼스트, , , 역삼동,강남구,존재하지 않음,4,4,22.85,서울 강남구,825-24,11680,12
"22,800",중개거래,2019,2023,역삼역센트럴푸르지오시티, , , 역삼동,강남구,존재하지 않음,4,5,17.573,서울 강남구,719-24,11680,5
"26,000",중개거래,2021,2023,태건 강남 헤븐리치 더써밋 761, , , 역삼동,강남구,존재하지 않음,4,6,14.77,서울 강남구,605-17,11680,15
"59,000",중개거래,2007,2023,쌍용플래티넘밸류, , , 역삼동,강남구,존재하지 않음,4,6,49.52,서울 서초구,826-37,11680,5
"30,800",중개거래,2004,2023,목화밀라트, , , 역삼동,강남구,존재하지 않음,4,6,31.33,"서울 강남구, 서울 서초구",822-7,11680,6
"24,000",중개거래,2019,2023,강남역투웨니퍼스트102동, , , 역삼동,강남구,존재하지 않음,4,8,18.49,서울 강남구,824-49,11680,10
"29,800",중개거래,2004,2023,대우디오빌플러스, , , 역삼동,강남구,존재하지 않음,4,8,38.96,서울 강남구,824-25,11680,17
"24,000",직거래,2019,2023,역삼역센트럴푸르지오시티, , , 역삼동,강남구,존재하지 않음,4,9,17.573, ,719-24,11680,11
"14,900",중개거래,2006,2023,메이플라워멤버스빌오피스텔, , , 역삼동,강남구,존재하지 않음,4,10,20.1,서울 강남구,736-22,11680,11
"39,800",중개거래,2018,2023,BIEL 106, , , 역삼동,강남구,존재하지 않음,4,11,28.8674,서울 강남구,832-16,11680,11
"28,000",중개거래,2018,2023,BIEL 106, , , 역삼동,강남구,존재하지 않음,4,13,21.3945,서울 강남구,832-16,11680,11
"33,000",중개거래,2015,2023,강남역 센트럴 푸르지오 시티, , , 역삼동,강남구,존재하지 않음,4,13,24.61,서울 강남구,825-20,11680,5
"21,500",중개거래,2014,2023,K타워 오피스텔, , , 역삼동,강남구,존재하지 않음,4,14,21.26,서울 강남구,703-6,11680,6
"31,000",중개거래,2015,2023,강남역 센트럴 푸르지오 시티, , , 역삼동,강남구,존재하지 않음,4,15,24.63,서울 강남구,825-20,11680,13
"21,000",중개거래,2004,2023,크레신 타워Ⅱ, , , 역삼동,강남구,존재하지 않음,4,16,28.12,"서울 강남구, 서울 강동구",823-3,11680,3
"25,500",중개거래,2004,2023,역삼SK허브블루, , , 역삼동,강남구,존재하지 않음,4,17,35.34,서울 강남구,831-40,11680,15
"30,000",중개거래,2004,2023,대우디오빌플러스, , , 역삼동,강남구,존재하지 않음,4,17,38.96,서울 강남구,824-25,11680,3
"21,000",중개거래,2019,2023,역삼역센트럴푸르지오시티, , , 역삼동,강남구,존재하지 않음,4,20,17.573,서울 강남구,719-24,11680,3
"14,900",직거래,2006,2023,메이플라워멤버스빌오피스텔, , , 역삼동,강남구,존재하지 않음,4,20,20.1, ,736-22,11680,11
"21,500",중개거래,2004,2023,강남역두산위브센티움, , , 역삼동,강남구,존재하지 않음,4,25,28.706,서울 강남구,823-26,11680,11
"35,500",중개거래,1999,2023,한라클라식 오피스텔, , , 역삼동,강남구,존재하지 않음,4,25,34.86,서울 강남구,824-11,11680,8
"37,300",중개거래,1994,2023,삼성제일빌딩, , , 역삼동,강남구,존재하지 않음,4,27,45.5,서울 강남구,702-2,11680,14
"20,500",중개거래,2004,2023,엘지역삼에클라트, , , 역삼동,강남구,존재하지 않음,4,28,27.75,서울 강남구,736-24,11680,11
"27,300",중개거래,2004,2023,엘지역삼에클라트, , , 역삼동,강남구,존재하지 않음,4,29,36.24,서울 강남구,736-24,11680,3
"20,000",중개거래,1997,2023,대청타워, , , 개포동,강남구,존재하지 않음,4,13,32.441,서울 강남구,13-3,11680,13
"25,500",중개거래,1997,2023,대청타워, , , 개포동,강남구,존재하지 않음,4,21,36.64,서울 강남구,13-3,11680,8
"22,800",중개거래,1997,2023,대청타워, , , 개포동,강남구,존재하지 않음,4,22,32.441,서울 강남구,13-3,11680,19
"26,000",중개거래,1991,2023,경원오피스텔, , , 청담동,강남구,존재하지 않음,4,17,22.77,서울 강남구,5,11680,7
"52,000",중개거래,1990,2023,(78-3), , , 삼성동,강남구,존재하지 않음,4,8,31.15,서울 강남구,78-3,11680,8
"57,000",중개거래,2019,2023,삼성동 롯데캐슬 클라쎄, , , 삼성동,강남구,존재하지 않음,4,8,29.3738,서울 강남구,141-10,11680,10
"34,000",중개거래,1990,2023,(78-3), , , 삼성동,강남구,존재하지 않음,4,12,31.15,서울 강남구,78-3,11680,7
"27,770",중개거래,2003,2023,삼성역 두산위브센티움, , , 삼성동,강남구,존재하지 않음,4,13,27.88,서울 강남구,158-4,11680,2
"30,400",중개거래,2004,2023,우림보보카운티 오피스텔, , , 삼성동,강남구,존재하지 않음,4,14,26.77,서울 강남구,75-8,11680,11
"31,000",중개거래,2004,2023,우림보보카운티 오피스텔, , , 삼성동,강남구,존재하지 않음,4,28,27.18,서울 강남구,75-8,11680,14
"39,000",중개거래,2004,2023,선릉역 롯데골드로즈2, , , 대치동,강남구,존재하지 않음,4,8,44.46,서울 강남구,890-59,11680,11
"43,000",중개거래,2004,2023,선릉역 롯데골드로즈2, , , 대치동,강남구,존재하지 않음,4,10,44.46,서울 강남구,890-59,11680,7
"28,500",중개거래,2004,2023,선릉역 롯데골드로즈2, , , 대치동,강남구,존재하지 않음,4,22,30.23,서울 강남구,890-59,11680,21
"25,900",중개거래,2004,2023,선릉역 롯데골드로즈2, , , 대치동,강남구,존재하지 않음,4,28,34.32,서울 강남구,890-59,11680,5
"17,300",중개거래,1987,2023,(96), , , 논현동,강남구,존재하지 않음,4,23,22.05,서울 강남구,96,11680,6
"38,000",직거래,2017,2023,센트라빌, , , 세곡동,강남구,존재하지 않음,4,12,44.289, ,584,11680,6
"36,500",중개거래,2016,2023,강남 지웰파인즈, , , 세곡동,강남구,존재하지 않음,4,19,38.361,경기 하남시,587,11680,8
"18,400",중개거래,2018,2023,강남센터뷰, , , 자곡동,강남구,존재하지 않음,4,1,21.25,서울 강남구,670,11680,8
"24,000",중개거래,2014,2023,강남 지웰홈스, , , 자곡동,강남구,존재하지 않음,4,1,29.492,"경기 성남수정구, 서울 강남구",662,11680,5
"26,000",직거래,2014,2023,강남유탑유블레스, , , 자곡동,강남구,존재하지 않음,4,13,33.5979, ,651,11680,3
"17,500",직거래,2014,2023,강남 더샵라르고, , , 자곡동,강남구,존재하지 않음,4,14,25.6308, ,596,11680,8
"24,500",중개거래,2014,2023,강남 지웰홈스, , , 자곡동,강남구,존재하지 않음,4,15,29.492,서울 강남구,662,11680,9
"18,900",중개거래,2018,2023,강남센터뷰, , , 자곡동,강남구,존재하지 않음,4,24,21.25,경기 성남분당구,670,11680,5
"23,000",직거래,2003,2023,사이룩스, , , 수서동,강남구,존재하지 않음,4,10,38.02, ,716,11680,15
"22,500",중개거래,2003,2023,사이룩스, , , 수서동,강남구,존재하지 않음,4,28,33.52,서울 강남구,716,11680,3
"45,000",중개거래,1998,2023,우성캐릭터199, , , 도곡동,강남구,존재하지 않음,4,5,45.93,서울 강남구,467-24,11680,4
"246,000",중개거래,2005,2023,에스케이리더스뷰, , , 도곡동,강남구,존재하지 않음,4,27,167.79,서울 강남구,168,11680,21
"51,500",중개거래,1996,2023,우성리빙텔 , , , 도곡동,강남구,존재하지 않음,4,29,62.46,서울 강남구,467-10,11680,5
"56,000",중개거래,1996,2023,우성리빙텔 , , , 도곡동,강남구,존재하지 않음,4,29,67.2,서울 강남구,467-10,11680,5
"28,000",중개거래,2013,2023,잠실아이파크, , , 잠실동,송파구,존재하지 않음,4,20,24.42,"서울 강동구, 서울 송파구",194,11710,9
"684,000",직거래,존재하지 않음,2023,롯데월드타워앤드롯데월드몰, , , 신천동,송파구,존재하지 않음,4,13,150.75, ,29,11710,45
"75,000",중개거래,1988,2023,한신잠실코아, , , 신천동,송파구,존재하지 않음,4,28,63,서울 송파구,11-9,11710,7
"27,500",중개거래,존재하지 않음,2023,석촌호수 나인파크 B, , , 석촌동,송파구,존재하지 않음,4,5,19.34,서울 송파구,24-14,11710,21
"9,500",중개거래,1990,2023,(99-1), , , 가락동,송파구,존재하지 않음,4,28,31.44,서울 송파구,99-1,11710,10
"37,750",중개거래,존재하지 않음,2023,파크하비오, , , 문정동,송파구,존재하지 않음,4,4,42.54,서울 송파구,618,11710,6
"20,500",중개거래,존재하지 않음,2023,파크하비오, , , 문정동,송파구,존재하지 않음,4,4,23.76,서울 송파구,618,11710,15
"22,000",중개거래,2015,2023,송파 아이파크, , , 문정동,송파구,존재하지 않음,4,5,25.87,서울 송파구,624,11710,13
"18,000",중개거래,2017,2023,힐스테이트에코송파, , , 문정동,송파구,존재하지 않음,4,7,21.064,서울 송파구,639-5,11710,15
"43,000",중개거래,존재하지 않음,2023,파크하비오, , , 문정동,송파구,존재하지 않음,4,8,47.04,서울 송파구,618,11710,8
"24,000",중개거래,존재하지 않음,2023,파크하비오, , , 문정동,송파구,존재하지 않음,4,10,26.53,서울 송파구,618,11710,16
"19,500",중개거래,2013,2023,송파한화오벨리스크, , , 문정동,송파구,존재하지 않음,4,11,25.88,서울 송파구,622,11710,15
"19,600",중개거래,2013,2023,송파한화오벨리스크, , , 문정동,송파구,존재하지 않음,4,11,26.82,서울 송파구,622,11710,11
"43,000",중개거래,존재하지 않음,2023,파크하비오, , , 문정동,송파구,존재하지 않음,4,12,50.11,서울 송파구,618,11710,3
"45,500",중개거래,존재하지 않음,2023,파크하비오, , , 문정동,송파구,존재하지 않음,4,12,48.96,서울 강동구,618,11710,10
"20,000",중개거래,존재하지 않음,2023,파크하비오, , , 문정동,송파구,존재하지 않음,4,13,23.76,서울 송파구,618,11710,13
"44,700",중개거래,존재하지 않음,2023,파크하비오, , , 문정동,송파구,존재하지 않음,4,13,48.93,서울 송파구,618,11710,4
"22,000",중개거래,2018,2023,송파법조타운푸르지오시티, , , 문정동,송파구,존재하지 않음,4,14,19.37,서울 송파구,652,11710,13
"51,500",중개거래,존재하지 않음,2023,파크하비오, , , 문정동,송파구,존재하지 않음,4,14,51.16,서울 송파구,618,11710,5
"17,950",중개거래,2017,2023,문정 아이파크, , , 문정동,송파구,존재하지 않음,4,15,22.4,서울 송파구,652-5,11710,12
"43,750",중개거래,존재하지 않음,2023,파크하비오, , , 문정동,송파구,존재하지 않음,4,15,48.96,서울 송파구,618,11710,9
"20,000",중개거래,2013,2023,송파한화오벨리스크, , , 문정동,송파구,존재하지 않음,4,15,26.82,서울 송파구,622,11710,11
"20,600",중개거래,존재하지 않음,2023,파크하비오, , , 문정동,송파구,존재하지 않음,4,16,24.58,서울 송파구,618,11710,13
"43,700",중개거래,존재하지 않음,2023,파크하비오, , , 문정동,송파구,존재하지 않음,4,17,48.96,서울 송파구,618,11710,8
"20,900",중개거래,2018,2023,힐스테이트에코문정, , , 문정동,송파구,존재하지 않음,4,19,20.79,서울 송파구,652-4,11710,7
"24,000",중개거래,존재하지 않음,2023,파크하비오, , , 문정동,송파구,존재하지 않음,4,19,28.82,서울 송파구,618,11710,13
"25,700",중개거래,2017,2023,문정 아이파크, , , 문정동,송파구,존재하지 않음,4,19,25.77,서울 송파구,652-5,11710,13
"18,500",중개거래,2018,2023,송파법조타운푸르지오시티, , , 문정동,송파구,존재하지 않음,4,21,17.47,서울 송파구,652,11710,8
"45,000",중개거래,존재하지 않음,2023,파크하비오, , , 문정동,송파구,존재하지 않음,4,22,50.11,서울 송파구,618,11710,10
"20,800",중개거래,2018,2023,송파법조타운푸르지오시티, , , 문정동,송파구,존재하지 않음,4,22,17.47,서울 송파구,652,11710,11
"19,800",중개거래,존재하지 않음,2023,파크하비오, , , 문정동,송파구,존재하지 않음,4,22,23.76,서울 송파구,618,11710,12
"24,300",중개거래,2018,2023,문정 오벨리스크, , , 문정동,송파구,존재하지 않음,4,28,24,서울 송파구,652-2,11710,9
"19,800",중개거래,존재하지 않음,2023,파크하비오, , , 문정동,송파구,존재하지 않음,4,28,23.76,서울 송파구,618,11710,8
"26,500",중개거래,2013,2023,송파푸르지오시티, , , 문정동,송파구,존재하지 않음,4,29,29.63,서울 송파구,620,11710,9
"22,500",중개거래,2015,2023,송파 아이파크, , , 문정동,송파구,존재하지 않음,4,29,25.87,서울 송파구,624,11710,13
"52,000",중개거래,2015,2023,송파 아이파크, , , 문정동,송파구,존재하지 않음,4,29,49.7,서울 송파구,624,11710,5
"19,400",중개거래,2019,2023,잠실엘퍼스트오피스텔, , , 방이동,송파구,존재하지 않음,4,3,18.0688,서울 송파구,50,11710,5
"27,800",중개거래,2020,2023,잠실 제니알, , , 방이동,송파구,존재하지 않음,4,12,24.81,서울 송파구,39,11710,6
"31,500",중개거래,2021,2023,사보이시티잠실, , , 방이동,송파구,존재하지 않음,4,12,23.729,서울 송파구,46-2,11710,13
"37,000",중개거래,2020,2023,잠실 벨솔레 오피스텔, , , 방이동,송파구,존재하지 않음,4,17,29.6932,서울 송파구,41-8,11710,15
"22,300",중개거래,2019,2023,잠실엘퍼스트오피스텔, , , 방이동,송파구,존재하지 않음,4,17,18.0688,서울 송파구,50,11710,15
"25,000",중개거래,2021,2023,사보이시티잠실, , , 방이동,송파구,존재하지 않음,4,23,19.3629,서울 송파구,46-2,11710,8
"36,000",중개거래,2020,2023,잠실 벨솔레 오피스텔, , , 방이동,송파구,존재하지 않음,4,29,29.6932,서울 송파구,41-8,11710,18
"20,500",중개거래,2022,2023,송파 풍산 리치안, , , 거여동,송파구,존재하지 않음,4,1,20.47,서울 송파구,604-2,11710,13
"17,000",직거래,2022,2023,수아주 오피스텔, , , 거여동,송파구,존재하지 않음,4,21,18.584, ,603-1,11710,13
"21,500",중개거래,2021,2023,고덕역 대명벨리온, , , 명일동,강동구,존재하지 않음,4,12,21.3124,서울 강동구,46-3,11740,15
"46,000",중개거래,2020,2023,고덕 센트럴 푸르지오, , , 고덕동,강동구,존재하지 않음,4,11,35.11,서울 강동구,210-1,11740,3
"30,000",직거래,2020,2023,거산 유팰리스, , , 길동,강동구,존재하지 않음,4,7,29.31, ,457-4,11740,5
"20,000",직거래,1990,2023,(386-8), , , 길동,강동구,존재하지 않음,4,19,57.27, ,386-8,11740,10
"13,750",중개거래,2003,2023,한강시티라이프, , , 암사동,강동구,존재하지 않음,4,14,29.9,서울 강동구,441,11740,5
"21,000",중개거래,2004,2023,쌍용플래티넘리버, , , 천호동,강동구,존재하지 않음,4,4,34.2,서울 강동구,432-10,11740,5
"15,000",중개거래,2004,2023,두산위브센티움, , , 천호동,강동구,존재하지 않음,4,5,31.37,서울 강동구,414,11740,14
"18,500",중개거래,2015,2023,천호역 한강 푸르지오시티, , , 천호동,강동구,존재하지 않음,4,6,25.06,서울 강동구,425-3,11740,23
"15,000",중개거래,2004,2023,두산위브센티움, , , 천호동,강동구,존재하지 않음,4,7,31.37,서울 강동구,414,11740,18
"15,000",중개거래,2004,2023,두산위브센티움, , , 천호동,강동구,존재하지 않음,4,8,31.37,서울 강동구,414,11740,17
"10,300",중개거래,2003,2023,정암하이빌, , , 천호동,강동구,존재하지 않음,4,10,23.12,서울 강동구,161-17,11740,2
"32,000",직거래,2023,2023,펠리체65, , , 천호동,강동구,존재하지 않음,4,11,28.75, ,191-13,11740,6
"33,600",직거래,2023,2023,펠리체65, , , 천호동,강동구,존재하지 않음,4,11,29.95, ,191-13,11740,7
"33,300",직거래,2023,2023,펠리체65, , , 천호동,강동구,존재하지 않음,4,11,29.95, ,191-13,11740,7
"33,300",직거래,2023,2023,펠리체65, , , 천호동,강동구,존재하지 않음,4,11,29.95, ,191-13,11740,6
"33,300",직거래,2023,2023,펠리체65, , , 천호동,강동구,존재하지 않음,4,11,29.95, ,191-13,11740,5
"32,950",직거래,2023,2023,펠리체65, , , 천호동,강동구,존재하지 않음,4,11,29.95, ,191-13,11740,6
"32,950",직거래,2023,2023,펠리체65, , , 천호동,강동구,존재하지 않음,4,11,29.95, ,191-13,11740,5
"32,950",직거래,2023,2023,펠리체65, , , 천호동,강동구,존재하지 않음,4,11,29.95, ,191-13,11740,4
"32,800",직거래,2023,2023,펠리체65, , , 천호동,강동구,존재하지 않음,4,11,29.95, ,191-13,11740,3
"32,500",직거래,2023,2023,펠리체65, , , 천호동,강동구,존재하지 않음,4,11,29.95, ,191-13,11740,4
"32,350",직거래,2023,2023,펠리체65, , , 천호동,강동구,존재하지 않음,4,11,29.95, ,191-13,11740,3
"33,350",직거래,2023,2023,펠리체65, , , 천호동,강동구,존재하지 않음,4,11,29.32, ,191-13,11740,11
"32,600",직거래,2023,2023,펠리체65, , , 천호동,강동구,존재하지 않음,4,11,29.32, ,191-13,11740,7
"31,350",직거래,2023,2023,펠리체65, , , 천호동,강동구,존재하지 않음,4,11,28.75, ,191-13,11740,3
"31,550",직거래,2023,2023,펠리체65, , , 천호동,강동구,존재하지 않음,4,11,28.75, ,191-13,11740,4
"32,000",직거래,2023,2023,펠리체65, , , 천호동,강동구,존재하지 않음,4,11,28.75, ,191-13,11740,5
"32,300",직거래,2023,2023,펠리체65, , , 천호동,강동구,존재하지 않음,4,11,28.75, ,191-13,11740,7
"33,050",직거래,2023,2023,펠리체65, , , 천호동,강동구,존재하지 않음,4,11,28.75, ,191-13,11740,11
"32,000",직거래,2023,2023,펠리체65, , , 천호동,강동구,존재하지 않음,4,11,29.17, ,191-13,11740,3
"32,150",직거래,2023,2023,펠리체65, , , 천호동,강동구,존재하지 않음,4,11,29.17, ,191-13,11740,4
"32,450",직거래,2023,2023,펠리체65, , , 천호동,강동구,존재하지 않음,4,11,29.17, ,191-13,11740,5
"32,450",직거래,2023,2023,펠리체65, , , 천호동,강동구,존재하지 않음,4,11,29.17, ,191-13,11740,6
"32,800",직거래,2023,2023,펠리체65, , , 천호동,강동구,존재하지 않음,4,11,29.17, ,191-13,11740,7
"33,500",직거래,2023,2023,펠리체65, , , 천호동,강동구,존재하지 않음,4,11,29.17, ,191-13,11740,11
"31,700",직거래,2023,2023,펠리체65, , , 천호동,강동구,존재하지 않음,4,11,29.32, ,191-13,11740,3
"31,850",직거래,2023,2023,펠리체65, , , 천호동,강동구,존재하지 않음,4,11,29.32, ,191-13,11740,4
"32,300",직거래,2023,2023,펠리체65, , , 천호동,강동구,존재하지 않음,4,11,29.32, ,191-13,11740,5
"32,300",직거래,2023,2023,펠리체65, , , 천호동,강동구,존재하지 않음,4,11,29.32, ,191-13,11740,6
"18,500",중개거래,2015,2023,천호역 한강 푸르지오시티, , , 천호동,강동구,존재하지 않음,4,14,26.61,서울 강동구,425-3,11740,16
"16,400",중개거래,2003,2023,오피스텔 트레벨, , , 천호동,강동구,존재하지 않음,4,20,31.95,서울 강동구,451-20,11740,6
"19,100",중개거래,2015,2023,천호역 한강 푸르지오시티, , , 천호동,강동구,존재하지 않음,4,22,25.24,서울 강동구,425-3,11740,27
"15,500",중개거래,2004,2023,강동역두산위브센티움, , , 천호동,강동구,존재하지 않음,4,22,31.43,서울 강동구,155-5,11740,15
"35,000",중개거래,2008,2023,(427-3), , , 천호동,강동구,존재하지 않음,4,24,60.39,"서울 강동구, 서울 중랑구",427-3,11740,6
"15,300",중개거래,2004,2023,대동피렌체리버, , , 천호동,강동구,존재하지 않음,4,24,32.67,서울 강동구,442-34,11740,4
"20,900",중개거래,2004,2023,쌍용플래티넘리버, , , 천호동,강동구,존재하지 않음,4,26,34.2,서울 강동구,432-10,11740,13
"9,300",중개거래,1994,2023,힐탑프라자, , , 천호동,강동구,존재하지 않음,4,27,20.48,서울 강동구,449-49,11740,13
"32,055",직거래,2017,2023,성우스타팰리스, , , 천호동,강동구,존재하지 않음,4,28,54.4, ,167-160,11740,6
"31,790",직거래,2017,2023,성우스타팰리스, , , 천호동,강동구,존재하지 않음,4,28,54.4, ,167-160,11740,4
"19,400",중개거래,2015,2023,천호역 한강 푸르지오시티, , , 천호동,강동구,존재하지 않음,4,29,27.44,서울 강동구,425-3,11740,32
"10,750",중개거래,2013,2023,강일임페리얼타워, , , 강일동,강동구,존재하지 않음,4,5,28.66,서울 강동구,675-3,11740,5
"10,000",직거래,2016,2023,강일 포디움, , , 강일동,강동구,존재하지 않음,4,10,26.425, ,677,11740,8
